[0m[1mrandom_password.db_password: Refreshing state... [id=none][0m
[0m[1mgoogle_project_service.storage: Refreshing state... [id=smc-gcp-tams-testdrive/storage.googleapis.com][0m
[0m[1mgoogle_project_service.compute: Refreshing state... [id=smc-gcp-tams-testdrive/compute.googleapis.com][0m
[0m[1mdata.google_project.project: Reading...[0m[0m
[0m[1mgoogle_project_service.servicenetworking: Refreshing state... [id=smc-gcp-tams-testdrive/servicenetworking.googleapis.com][0m
[0m[1mgoogle_service_account.tams_api_sa: Refreshing state... [id=projects/smc-gcp-tams-testdrive/serviceAccounts/tams-api-sa@smc-gcp-tams-testdrive.iam.gserviceaccount.com][0m
[0m[1mgoogle_project_service.run: Refreshing state... [id=smc-gcp-tams-testdrive/run.googleapis.com][0m
[0m[1mgoogle_project_service.iap: Refreshing state... [id=smc-gcp-tams-testdrive/iap.googleapis.com][0m
[0m[1mgoogle_project_service.cloudbuild: Refreshing state... [id=smc-gcp-tams-testdrive/cloudbuild.googleapis.com][0m
[0m[1mgoogle_service_account.tams_frontend_sa: Refreshing state... [id=projects/smc-gcp-tams-testdrive/serviceAccounts/tams-frontend-sa@smc-gcp-tams-testdrive.iam.gserviceaccount.com][0m
[0m[1mgoogle_project_service.artifactregistry: Refreshing state... [id=smc-gcp-tams-testdrive/artifactregistry.googleapis.com][0m
[0m[1mgoogle_project_service.cloudresourcemanager: Refreshing state... [id=smc-gcp-tams-testdrive/cloudresourcemanager.googleapis.com][0m
[0m[1mgoogle_project_service.sql_admin: Refreshing state... [id=smc-gcp-tams-testdrive/sqladmin.googleapis.com][0m
[0m[1mdata.google_project.project: Read complete after 1s [id=projects/smc-gcp-tams-testdrive][0m
[0m[1mgoogle_project_service.secretmanager: Refreshing state... [id=smc-gcp-tams-testdrive/secretmanager.googleapis.com][0m
[0m[1mgoogle_project_iam_member.api_cloudsql_client: Refreshing state... [id=smc-gcp-tams-testdrive/roles/cloudsql.client/serviceAccount:tams-api-sa@smc-gcp-tams-testdrive.iam.gserviceaccount.com][0m
[0m[1mgoogle_project_service.vpcaccess: Refreshing state... [id=smc-gcp-tams-testdrive/vpcaccess.googleapis.com][0m
[0m[1mgoogle_artifact_registry_repository.tams_repo: Refreshing state... [id=projects/smc-gcp-tams-testdrive/locations/us-central1/repositories/tams][0m
[0m[1mgoogle_compute_network.vpc: Refreshing state... [id=projects/smc-gcp-tams-testdrive/global/networks/tams-vpc][0m
[0m[1mgoogle_secret_manager_secret.db_password: Refreshing state... [id=projects/smc-gcp-tams-testdrive/secrets/tams-db-password][0m
[0m[1mgoogle_storage_bucket.media_bucket: Refreshing state... [id=smc-gcp-tams-testdrive-tams-media][0m
[0m[1mgoogle_storage_bucket.backup_bucket: Refreshing state... [id=smc-gcp-tams-testdrive-tams-backups][0m
[0m[1mgoogle_storage_bucket_iam_member.api_media_access: Refreshing state... [id=b/smc-gcp-tams-testdrive-tams-media/roles/storage.objectAdmin/serviceAccount:tams-api-sa@smc-gcp-tams-testdrive.iam.gserviceaccount.com][0m
[0m[1mnull_resource.build_tams_api: Refreshing state... [id=6942477497381674087][0m
[0m[1mnull_resource.build_tams_frontend: Refreshing state... [id=2226616858968488063][0m
[0m[1mgoogle_secret_manager_secret_iam_member.api_secret_access: Refreshing state... [id=projects/smc-gcp-tams-testdrive/secrets/tams-db-password/roles/secretmanager.secretAccessor/serviceAccount:tams-api-sa@smc-gcp-tams-testdrive.iam.gserviceaccount.com][0m
[0m[1mgoogle_secret_manager_secret_version.db_password_version: Refreshing state... [id=projects/491143544587/secrets/tams-db-password/versions/1][0m
[0m[1mgoogle_compute_firewall.allow_health_check: Refreshing state... [id=projects/smc-gcp-tams-testdrive/global/firewalls/tams-allow-health-check][0m
[0m[1mgoogle_compute_global_address.private_ip_address: Refreshing state... [id=projects/smc-gcp-tams-testdrive/global/addresses/tams-private-ip][0m
[0m[1mgoogle_compute_subnetwork.subnet: Refreshing state... [id=projects/smc-gcp-tams-testdrive/regions/us-central1/subnetworks/tams-subnet][0m
[0m[1mgoogle_compute_firewall.allow_internal: Refreshing state... [id=projects/smc-gcp-tams-testdrive/global/firewalls/tams-allow-internal][0m
[0m[1mgoogle_service_networking_connection.private_vpc_connection: Refreshing state... [id=projects%2Fsmc-gcp-tams-testdrive%2Fglobal%2Fnetworks%2Ftams-vpc:servicenetworking.googleapis.com][0m
[0m[1mgoogle_sql_database_instance.tams_db: Refreshing state... [id=tams-db-instance][0m
[0m[1mgoogle_sql_database.tams_database: Refreshing state... [id=projects/smc-gcp-tams-testdrive/instances/tams-db-instance/databases/tams][0m
[0m[1mgoogle_sql_user.tams_user: Refreshing state... [id=tams//tams-db-instance][0m

Terraform used the selected providers to generate the following execution
plan. Resource actions are indicated with the following symbols:
  [32m+[0m create[0m
  [33m~[0m update in-place[0m
[31m-[0m/[32m+[0m destroy and then create replacement[0m

Terraform will perform the following actions:

[1m  # google_cloud_run_v2_service.tams_api[0m will be created
[0m  [32m+[0m[0m resource "google_cloud_run_v2_service" "tams_api" {
      [32m+[0m[0m conditions              = (known after apply)
      [32m+[0m[0m create_time             = (known after apply)
      [32m+[0m[0m creator                 = (known after apply)
      [32m+[0m[0m delete_time             = (known after apply)
      [32m+[0m[0m effective_annotations   = (known after apply)
      [32m+[0m[0m effective_labels        = {
          [32m+[0m[0m "environment" = "test"
          [32m+[0m[0m "managed_by"  = "terraform"
          [32m+[0m[0m "project"     = "tams-testdrive"
        }
      [32m+[0m[0m etag                    = (known after apply)
      [32m+[0m[0m expire_time             = (known after apply)
      [32m+[0m[0m generation              = (known after apply)
      [32m+[0m[0m id                      = (known after apply)
      [32m+[0m[0m ingress                 = (known after apply)
      [32m+[0m[0m labels                  = {
          [32m+[0m[0m "environment" = "test"
          [32m+[0m[0m "managed_by"  = "terraform"
          [32m+[0m[0m "project"     = "tams-testdrive"
        }
      [32m+[0m[0m last_modifier           = (known after apply)
      [32m+[0m[0m latest_created_revision = (known after apply)
      [32m+[0m[0m latest_ready_revision   = (known after apply)
      [32m+[0m[0m launch_stage            = (known after apply)
      [32m+[0m[0m location                = "us-central1"
      [32m+[0m[0m name                    = "tams-api"
      [32m+[0m[0m observed_generation     = (known after apply)
      [32m+[0m[0m project                 = "smc-gcp-tams-testdrive"
      [32m+[0m[0m reconciling             = (known after apply)
      [32m+[0m[0m terminal_condition      = (known after apply)
      [32m+[0m[0m terraform_labels        = {
          [32m+[0m[0m "environment" = "test"
          [32m+[0m[0m "managed_by"  = "terraform"
          [32m+[0m[0m "project"     = "tams-testdrive"
        }
      [32m+[0m[0m traffic_statuses        = (known after apply)
      [32m+[0m[0m uid                     = (known after apply)
      [32m+[0m[0m update_time             = (known after apply)
      [32m+[0m[0m uri                     = (known after apply)

      [32m+[0m[0m template {
          [32m+[0m[0m max_instance_request_concurrency = (known after apply)
          [32m+[0m[0m service_account                  = "tams-api-sa@smc-gcp-tams-testdrive.iam.gserviceaccount.com"
          [32m+[0m[0m timeout                          = (known after apply)

          [32m+[0m[0m containers {
              [32m+[0m[0m image = "us-central1-docker.pkg.dev/smc-gcp-tams-testdrive/tams/tams-api:latest"

              [32m+[0m[0m env {
                  [32m+[0m[0m name  = "DB_NAME"
                  [32m+[0m[0m value = "tams"
                }
              [32m+[0m[0m env {
                  [32m+[0m[0m name  = "DB_USER"
                  [32m+[0m[0m value = "tams"
                }
              [32m+[0m[0m env {
                  [32m+[0m[0m name = "DB_PASSWORD"

                  [32m+[0m[0m value_source {
                      [32m+[0m[0m secret_key_ref {
                          [32m+[0m[0m secret  = "tams-db-password"
                          [32m+[0m[0m version = "latest"
                        }
                    }
                }
              [32m+[0m[0m env {
                  [32m+[0m[0m name  = "INSTANCE_CONNECTION_NAME"
                  [32m+[0m[0m value = "smc-gcp-tams-testdrive:us-central1:tams-db-instance"
                }
              [32m+[0m[0m env {
                  [32m+[0m[0m name  = "GCS_BUCKET"
                  [32m+[0m[0m value = "smc-gcp-tams-testdrive-tams-media"
                }

              [32m+[0m[0m liveness_probe (known after apply)

              [32m+[0m[0m ports {
                  [32m+[0m[0m container_port = 8080
                  [32m+[0m[0m name           = (known after apply)
                }

              [32m+[0m[0m resources {
                  [32m+[0m[0m limits = {
                      [32m+[0m[0m "cpu"    = "1"
                      [32m+[0m[0m "memory" = "512Mi"
                    }
                }

              [32m+[0m[0m startup_probe (known after apply)
            }

          [32m+[0m[0m scaling {
              [32m+[0m[0m max_instance_count = 10
              [32m+[0m[0m min_instance_count = 0
            }
        }

      [32m+[0m[0m traffic {
          [32m+[0m[0m percent = 100
          [32m+[0m[0m type    = "TRAFFIC_TARGET_ALLOCATION_TYPE_LATEST"
        }
    }

[1m  # google_cloud_run_v2_service.tams_frontend[0m will be created
[0m  [32m+[0m[0m resource "google_cloud_run_v2_service" "tams_frontend" {
      [32m+[0m[0m conditions              = (known after apply)
      [32m+[0m[0m create_time             = (known after apply)
      [32m+[0m[0m creator                 = (known after apply)
      [32m+[0m[0m delete_time             = (known after apply)
      [32m+[0m[0m effective_annotations   = (known after apply)
      [32m+[0m[0m effective_labels        = {
          [32m+[0m[0m "environment" = "test"
          [32m+[0m[0m "managed_by"  = "terraform"
          [32m+[0m[0m "project"     = "tams-testdrive"
        }
      [32m+[0m[0m etag                    = (known after apply)
      [32m+[0m[0m expire_time             = (known after apply)
      [32m+[0m[0m generation              = (known after apply)
      [32m+[0m[0m id                      = (known after apply)
      [32m+[0m[0m ingress                 = (known after apply)
      [32m+[0m[0m labels                  = {
          [32m+[0m[0m "environment" = "test"
          [32m+[0m[0m "managed_by"  = "terraform"
          [32m+[0m[0m "project"     = "tams-testdrive"
        }
      [32m+[0m[0m last_modifier           = (known after apply)
      [32m+[0m[0m latest_created_revision = (known after apply)
      [32m+[0m[0m latest_ready_revision   = (known after apply)
      [32m+[0m[0m launch_stage            = (known after apply)
      [32m+[0m[0m location                = "us-central1"
      [32m+[0m[0m name                    = "tams-frontend"
      [32m+[0m[0m observed_generation     = (known after apply)
      [32m+[0m[0m project                 = "smc-gcp-tams-testdrive"
      [32m+[0m[0m reconciling             = (known after apply)
      [32m+[0m[0m terminal_condition      = (known after apply)
      [32m+[0m[0m terraform_labels        = {
          [32m+[0m[0m "environment" = "test"
          [32m+[0m[0m "managed_by"  = "terraform"
          [32m+[0m[0m "project"     = "tams-testdrive"
        }
      [32m+[0m[0m traffic_statuses        = (known after apply)
      [32m+[0m[0m uid                     = (known after apply)
      [32m+[0m[0m update_time             = (known after apply)
      [32m+[0m[0m uri                     = (known after apply)

      [32m+[0m[0m template {
          [32m+[0m[0m max_instance_request_concurrency = (known after apply)
          [32m+[0m[0m service_account                  = "tams-frontend-sa@smc-gcp-tams-testdrive.iam.gserviceaccount.com"
          [32m+[0m[0m timeout                          = (known after apply)

          [32m+[0m[0m containers {
              [32m+[0m[0m image = "us-central1-docker.pkg.dev/smc-gcp-tams-testdrive/tams/tams-frontend:latest"

              [32m+[0m[0m env {
                  [32m+[0m[0m name  = "TAMS_API_URL"
                  [32m+[0m[0m value = (known after apply)
                }
              [32m+[0m[0m env {
                  [32m+[0m[0m name  = "PORT"
                  [32m+[0m[0m value = "8090"
                }

              [32m+[0m[0m liveness_probe (known after apply)

              [32m+[0m[0m ports {
                  [32m+[0m[0m container_port = 8090
                  [32m+[0m[0m name           = (known after apply)
                }

              [32m+[0m[0m resources {
                  [32m+[0m[0m limits = {
                      [32m+[0m[0m "cpu"    = "1"
                      [32m+[0m[0m "memory" = "256Mi"
                    }
                }

              [32m+[0m[0m startup_probe (known after apply)
            }

          [32m+[0m[0m scaling {
              [32m+[0m[0m max_instance_count = 5
              [32m+[0m[0m min_instance_count = 0
            }
        }

      [32m+[0m[0m traffic {
          [32m+[0m[0m percent = 100
          [32m+[0m[0m type    = "TRAFFIC_TARGET_ALLOCATION_TYPE_LATEST"
        }
    }

[1m  # google_compute_firewall.allow_internal[0m will be updated in-place
[0m  [33m~[0m[0m resource "google_compute_firewall" "allow_internal" {
        id                      = "projects/smc-gcp-tams-testdrive/global/firewalls/tams-allow-internal"
        name                    = "tams-allow-internal"
      [33m~[0m[0m source_ranges           = [
          [31m-[0m[0m "10.9.0.0/28",
            [90m# (1 unchanged element hidden)[0m[0m
        ]
        [90m# (13 unchanged attributes hidden)[0m[0m

        [90m# (3 unchanged blocks hidden)[0m[0m
    }

[1m  # google_sql_database_instance.tams_db[0m will be updated in-place
[0m  [33m~[0m[0m resource "google_sql_database_instance" "tams_db" {
        id                             = "tams-db-instance"
        name                           = "tams-db-instance"
        [90m# (18 unchanged attributes hidden)[0m[0m

      [33m~[0m[0m settings {
            [90m# (17 unchanged attributes hidden)[0m[0m

          [33m~[0m[0m ip_configuration {
              [33m~[0m[0m ipv4_enabled                                  = false [33m->[0m[0m true
                [90m# (6 unchanged attributes hidden)[0m[0m
            }

            [90m# (4 unchanged blocks hidden)[0m[0m
        }
    }

[1m  # null_resource.build_tams_api[0m must be [1m[31mreplaced[0m
[0m[31m-[0m/[32m+[0m[0m resource "null_resource" "build_tams_api" {
      [33m~[0m[0m id       = "6942477497381674087" -> (known after apply)
      [33m~[0m[0m triggers = { [31m# forces replacement[0m[0m
          [33m~[0m[0m "always_run" = "2025-10-01T18:59:18Z" -> (known after apply)
        }
    }

[1m  # null_resource.build_tams_frontend[0m must be [1m[31mreplaced[0m
[0m[31m-[0m/[32m+[0m[0m resource "null_resource" "build_tams_frontend" {
      [33m~[0m[0m id       = "2226616858968488063" -> (known after apply)
      [33m~[0m[0m triggers = { [31m# forces replacement[0m[0m
          [33m~[0m[0m "always_run" = "2025-10-01T18:59:18Z" -> (known after apply)
        }
    }

[1mPlan:[0m 4 to add, 2 to change, 2 to destroy.
[0m
Changes to Outputs:
  [32m+[0m[0m iap_instructions   = (known after apply)
  [32m+[0m[0m tams_api_url       = (known after apply)
  [32m+[0m[0m tams_frontend_url  = (known after apply)
[0m[1mnull_resource.build_tams_frontend: Destroying... [id=2226616858968488063][0m[0m
[0m[1mnull_resource.build_tams_api: Destroying... [id=6942477497381674087][0m[0m
[0m[1mnull_resource.build_tams_api: Destruction complete after 0s[0m
[0m[1mnull_resource.build_tams_frontend: Destruction complete after 0s[0m
[0m[1mnull_resource.build_tams_frontend: Creating...[0m[0m
[0m[1mnull_resource.build_tams_api: Creating...[0m[0m
[0m[1mnull_resource.build_tams_api: Provisioning with 'local-exec'...[0m[0m
[0m[1mnull_resource.build_tams_frontend: Provisioning with 'local-exec'...[0m[0m
[0m[1mnull_resource.build_tams_frontend (local-exec):[0m [0mExecuting: ["/bin/sh" "-c" "gcloud builds submit --tag us-central1-docker.pkg.dev/smc-gcp-tams-testdrive/tams/tams-frontend:latest"]
[0m[1mnull_resource.build_tams_api (local-exec):[0m [0mExecuting: ["/bin/sh" "-c" "gcloud builds submit --tag us-central1-docker.pkg.dev/smc-gcp-tams-testdrive/tams/tams-api:latest"]
[0m[1mgoogle_compute_firewall.allow_internal: Modifying... [id=projects/smc-gcp-tams-testdrive/global/firewalls/tams-allow-internal][0m[0m
[0m[1mgoogle_sql_database_instance.tams_db: Modifying... [id=tams-db-instance][0m[0m
[0m[1mnull_resource.build_tams_frontend (local-exec):[0m [0mCreating temporary archive of 12 file(s) totalling 24.2 KiB before compression.
[0m[1mnull_resource.build_tams_frontend (local-exec):[0m [0mUploading tarball of [.] to [gs://smc-gcp-tams-testdrive_cloudbuild/source/1759349365.820164-d67b0c0625d64adf9f4f98474d3cba4f.tgz]
[0m[1mnull_resource.build_tams_api (local-exec):[0m [0mCreating temporary archive of 10 file(s) totalling 19.1 KiB before compression.
[0m[1mnull_resource.build_tams_api (local-exec):[0m [0mUploading tarball of [.] to [gs://smc-gcp-tams-testdrive_cloudbuild/source/1759349365.82016-f223f59e8f0947a5a9e0c6228c8d53ff.tgz]
[0m[1mnull_resource.build_tams_api (local-exec):[0m [0mCreated [https://cloudbuild.googleapis.com/v1/projects/smc-gcp-tams-testdrive/locations/global/builds/150068fe-a30f-47da-b5f1-8e49a4482079].
[0m[1mnull_resource.build_tams_api (local-exec):[0m [0mLogs are available at [ https://console.cloud.google.com/cloud-build/builds/150068fe-a30f-47da-b5f1-8e49a4482079?project=491143544587 ].
[0m[1mnull_resource.build_tams_frontend (local-exec):[0m [0mCreated [https://cloudbuild.googleapis.com/v1/projects/smc-gcp-tams-testdrive/locations/global/builds/1c1a45d2-3884-4847-9d7e-012c88eca1c1].
[0m[1mnull_resource.build_tams_frontend (local-exec):[0m [0mLogs are available at [ https://console.cloud.google.com/cloud-build/builds/1c1a45d2-3884-4847-9d7e-012c88eca1c1?project=491143544587 ].
[0m[1mnull_resource.build_tams_frontend (local-exec):[0m [0mWaiting for build to complete. Polling interval: 1 second(s).
[0m[1mnull_resource.build_tams_api (local-exec):[0m [0mWaiting for build to complete. Polling interval: 1 second(s).
[0m[1mnull_resource.build_tams_api: Still creating... [00m10s elapsed][0m[0m
[0m[1mnull_resource.build_tams_frontend: Still creating... [00m10s elapsed][0m[0m
[0m[1mgoogle_compute_firewall.allow_internal: Still modifying... [id=projects/smc-gcp-tams-testdrive/global/firewalls/tams-allow-internal, 00m10s elapsed][0m[0m
[0m[1mgoogle_sql_database_instance.tams_db: Still modifying... [id=tams-db-instance, 00m10s elapsed][0m[0m
[0m[1mgoogle_compute_firewall.allow_internal: Modifications complete after 12s [id=projects/smc-gcp-tams-testdrive/global/firewalls/tams-allow-internal][0m
[0m[1mnull_resource.build_tams_frontend: Still creating... [00m20s elapsed][0m[0m
[0m[1mnull_resource.build_tams_api: Still creating... [00m20s elapsed][0m[0m
[0m[1mgoogle_sql_database_instance.tams_db: Still modifying... [id=tams-db-instance, 00m20s elapsed][0m[0m
[0m[1mnull_resource.build_tams_frontend: Still creating... [00m30s elapsed][0m[0m
[0m[1mnull_resource.build_tams_api: Still creating... [00m30s elapsed][0m[0m
[0m[1mgoogle_sql_database_instance.tams_db: Still modifying... [id=tams-db-instance, 00m30s elapsed][0m[0m
[0m[1mnull_resource.build_tams_api (local-exec):[0m [0m----------------------------- REMOTE BUILD OUTPUT ------------------------------
[0m[1mnull_resource.build_tams_api (local-exec):[0m [0mstarting build "150068fe-a30f-47da-b5f1-8e49a4482079"

[0m[1mnull_resource.build_tams_api (local-exec):[0m [0mFETCHSOURCE
[0m[1mnull_resource.build_tams_api (local-exec):[0m [0mFetching storage object: gs://smc-gcp-tams-testdrive_cloudbuild/source/1759349365.82016-f223f59e8f0947a5a9e0c6228c8d53ff.tgz#1759349366434678
[0m[1mnull_resource.build_tams_api (local-exec):[0m [0mCopying gs://smc-gcp-tams-testdrive_cloudbuild/source/1759349365.82016-f223f59e8f0947a5a9e0c6228c8d53ff.tgz#1759349366434678...
[0m[1mnull_resource.build_tams_api (local-exec):[0m [0m/ [0 files][    0.0 B/  5.5 KiB]
[0m[1mnull_resource.build_tams_api (local-exec):[0m [0m/ [1 files][  5.5 KiB/  5.5 KiB]
[0m[1mnull_resource.build_tams_api (local-exec):[0m [0mOperation completed over 1 objects/5.5 KiB.
[0m[1mnull_resource.build_tams_api (local-exec):[0m [0mBUILD
[0m[1mnull_resource.build_tams_api (local-exec):[0m [0mAlready have image (with digest): gcr.io/cloud-builders/gcb-internal
[0m[1mnull_resource.build_tams_api (local-exec):[0m [0mSending build context to Docker daemon  26.62kB
[0m[1mnull_resource.build_tams_api (local-exec):[0m [0mStep 1/11 : FROM python:3.11-slim
[0m[1mnull_resource.build_tams_api (local-exec):[0m [0m3.11-slim: Pulling from library/python
[0m[1mnull_resource.build_tams_api (local-exec):[0m [0m8c7716127147: Pulling fs layer
[0m[1mnull_resource.build_tams_api (local-exec):[0m [0m44350d10c02e: Pulling fs layer
[0m[1mnull_resource.build_tams_api (local-exec):[0m [0m4dc2c3222cdb: Pulling fs layer
[0m[1mnull_resource.build_tams_api (local-exec):[0m [0mb25238518c0c: Pulling fs layer
[0m[1mnull_resource.build_tams_api (local-exec):[0m [0mb25238518c0c: Waiting
[0m[1mnull_resource.build_tams_api (local-exec):[0m [0m4dc2c3222cdb: Verifying Checksum
[0m[1mnull_resource.build_tams_api (local-exec):[0m [0m4dc2c3222cdb: Download complete
[0m[1mnull_resource.build_tams_api (local-exec):[0m [0m44350d10c02e: Verifying Checksum
[0m[1mnull_resource.build_tams_api (local-exec):[0m [0m44350d10c02e: Download complete
[0m[1mnull_resource.build_tams_api (local-exec):[0m [0mb25238518c0c: Verifying Checksum
[0m[1mnull_resource.build_tams_api (local-exec):[0m [0mb25238518c0c: Download complete
[0m[1mnull_resource.build_tams_api (local-exec):[0m [0m8c7716127147: Verifying Checksum
[0m[1mnull_resource.build_tams_api (local-exec):[0m [0m8c7716127147: Download complete
[0m[1mnull_resource.build_tams_api (local-exec):[0m [0m8c7716127147: Pull complete
[0m[1mnull_resource.build_tams_api (local-exec):[0m [0m44350d10c02e: Pull complete
[0m[1mnull_resource.build_tams_api (local-exec):[0m [0m4dc2c3222cdb: Pull complete
[0m[1mnull_resource.build_tams_api (local-exec):[0m [0mb25238518c0c: Pull complete
[0m[1mnull_resource.build_tams_api (local-exec):[0m [0mDigest: sha256:30a49f1bf6cc823952693ac8cd6eb7f3224af9d930c3ff58f38a0e6e0dc999b4
[0m[1mnull_resource.build_tams_api (local-exec):[0m [0mStatus: Downloaded newer image for python:3.11-slim
[0m[1mnull_resource.build_tams_api (local-exec):[0m [0m ---> bf02a2b85372
[0m[1mnull_resource.build_tams_api (local-exec):[0m [0mStep 2/11 : WORKDIR /app
[0m[1mnull_resource.build_tams_api (local-exec):[0m [0m ---> Running in dd56c711e84e
[0m[1mnull_resource.build_tams_api (local-exec):[0m [0mRemoving intermediate container dd56c711e84e
[0m[1mnull_resource.build_tams_api (local-exec):[0m [0m ---> a5c1346d7b67
[0m[1mnull_resource.build_tams_api (local-exec):[0m [0mStep 3/11 : RUN apt-get update && apt-get install -y     gcc     postgresql-client     && rm -rf /var/lib/apt/lists/*
[0m[1mnull_resource.build_tams_api (local-exec):[0m [0m ---> Running in a79dc98430cd
[0m[1mnull_resource.build_tams_api (local-exec):[0m [0mHit:1 http://deb.debian.org/debian trixie InRelease
[0m[1mnull_resource.build_tams_api (local-exec):[0m [0mGet:2 http://deb.debian.org/debian trixie-updates InRelease [47.3 kB]
[0m[1mnull_resource.build_tams_api (local-exec):[0m [0mGet:3 http://deb.debian.org/debian-security trixie-security InRelease [43.4 kB]
[0m[1mnull_resource.build_tams_api (local-exec):[0m [0mGet:4 http://deb.debian.org/debian trixie/main amd64 Packages [9669 kB]
[0m[1mnull_resource.build_tams_api (local-exec):[0m [0mGet:5 http://deb.debian.org/debian trixie-updates/main amd64 Packages [5412 B]
[0m[1mnull_resource.build_tams_api (local-exec):[0m [0mGet:6 http://deb.debian.org/debian-security trixie-security/main amd64 Packages [48.4 kB]
[0m[1mnull_resource.build_tams_api (local-exec):[0m [0mFetched 9813 kB in 1s (7267 kB/s)
[0m[1mnull_resource.build_tams_api (local-exec):[0m [0mReading package lists...
[0m[1mnull_resource.build_tams_api (local-exec):[0m [0mReading package lists...
[0m[1mnull_resource.build_tams_api (local-exec):[0m [0mBuilding dependency tree...
[0m[1mnull_resource.build_tams_api (local-exec):[0m [0mReading state information...
[0m[1mnull_resource.build_tams_api (local-exec):[0m [0mThe following additional packages will be installed:
[0m[1mnull_resource.build_tams_api (local-exec):[0m [0m  binutils binutils-common binutils-x86-64-linux-gnu cpp cpp-14
[0m[1mnull_resource.build_tams_api (local-exec):[0m [0m  cpp-14-x86-64-linux-gnu cpp-x86-64-linux-gnu gcc-14 gcc-14-x86-64-linux-gnu
[0m[1mnull_resource.build_tams_api (local-exec):[0m [0m  gcc-x86-64-linux-gnu krb5-locales libasan8 libatomic1 libbinutils
[0m[1mnull_resource.build_tams_api (local-exec):[0m [0m  libc-dev-bin libc6-dev libcc1-0 libcom-err2 libcrypt-dev libctf-nobfd0
[0m[1mnull_resource.build_tams_api (local-exec):[0m [0m  libctf0 libgcc-14-dev libgdbm-compat4t64 libgomp1 libgprofng0
[0m[1mnull_resource.build_tams_api (local-exec):[0m [0m  libgssapi-krb5-2 libhwasan0 libisl23 libitm1 libjansson4 libk5crypto3
[0m[1mnull_resource.build_tams_api (local-exec):[0m [0m  libkeyutils1 libkrb5-3 libkrb5support0 libldap-common libldap2 liblsan0
[0m[1mnull_resource.build_tams_api (local-exec):[0m [0m  libmpc3 libmpfr6 libperl5.40 libpq5 libquadmath0 libsasl2-2 libsasl2-modules
[0m[1mnull_resource.build_tams_api (local-exec):[0m [0m  libsasl2-modules-db libsframe1 libtsan2 libubsan1 linux-libc-dev manpages
[0m[1mnull_resource.build_tams_api (local-exec):[0m [0m  manpages-dev perl perl-modules-5.40 postgresql-client-17
[0m[1mnull_resource.build_tams_api (local-exec):[0m [0m  postgresql-client-common rpcsvc-proto sensible-utils
[0m[1mnull_resource.build_tams_api (local-exec):[0m [0mSuggested packages:
[0m[1mnull_resource.build_tams_api (local-exec):[0m [0m  binutils-doc gprofng-gui binutils-gold cpp-doc gcc-14-locales cpp-14-doc
[0m[1mnull_resource.build_tams_api (local-exec):[0m [0m  gcc-multilib make autoconf automake libtool flex bison gdb gcc-doc
[0m[1mnull_resource.build_tams_api (local-exec):[0m [0m  gcc-14-multilib gcc-14-doc gdb-x86-64-linux-gnu libc-devtools glibc-doc
[0m[1mnull_resource.build_tams_api (local-exec):[0m [0m  krb5-doc krb5-user libsasl2-modules-gssapi-mit
[0m[1mnull_resource.build_tams_api (local-exec):[0m [0m  | libsasl2-modules-gssapi-heimdal libsasl2-modules-ldap libsasl2-modules-otp
[0m[1mnull_resource.build_tams_api (local-exec):[0m [0m  libsasl2-modules-sql man-browser perl-doc libterm-readline-gnu-perl
[0m[1mnull_resource.build_tams_api (local-exec):[0m [0m  | libterm-readline-perl-perl libtap-harness-archive-perl postgresql-17
[0m[1mnull_resource.build_tams_api (local-exec):[0m [0m  postgresql-doc-17
[0m[1mnull_resource.build_tams_api (local-exec):[0m [0mThe following NEW packages will be installed:
[0m[1mnull_resource.build_tams_api (local-exec):[0m [0m  binutils binutils-common binutils-x86-64-linux-gnu cpp cpp-14
[0m[1mnull_resource.build_tams_api (local-exec):[0m [0m  cpp-14-x86-64-linux-gnu cpp-x86-64-linux-gnu gcc gcc-14
[0m[1mnull_resource.build_tams_api (local-exec):[0m [0m  gcc-14-x86-64-linux-gnu gcc-x86-64-linux-gnu krb5-locales libasan8
[0m[1mnull_resource.build_tams_api (local-exec):[0m [0m  libatomic1 libbinutils libc-dev-bin libc6-dev libcc1-0 libcom-err2
[0m[1mnull_resource.build_tams_api (local-exec):[0m [0m  libcrypt-dev libctf-nobfd0 libctf0 libgcc-14-dev libgdbm-compat4t64 libgomp1
[0m[1mnull_resource.build_tams_api (local-exec):[0m [0m  libgprofng0 libgssapi-krb5-2 libhwasan0 libisl23 libitm1 libjansson4
[0m[1mnull_resource.build_tams_api (local-exec):[0m [0m  libk5crypto3 libkeyutils1 libkrb5-3 libkrb5support0 libldap-common libldap2
[0m[1mnull_resource.build_tams_api (local-exec):[0m [0m  liblsan0 libmpc3 libmpfr6 libperl5.40 libpq5 libquadmath0 libsasl2-2
[0m[1mnull_resource.build_tams_api (local-exec):[0m [0m  libsasl2-modules libsasl2-modules-db libsframe1 libtsan2 libubsan1
[0m[1mnull_resource.build_tams_api (local-exec):[0m [0m  linux-libc-dev manpages manpages-dev perl perl-modules-5.40
[0m[1mnull_resource.build_tams_api (local-exec):[0m [0m  postgresql-client postgresql-client-17 postgresql-client-common rpcsvc-proto
[0m[1mnull_resource.build_tams_api (local-exec):[0m [0m  sensible-utils
[0m[1mnull_resource.build_tams_api (local-exec):[0m [0m0 upgraded, 59 newly installed, 0 to remove and 3 not upgraded.
[0m[1mnull_resource.build_tams_api (local-exec):[0m [0mNeed to get 71.4 MB of archives.
[0m[1mnull_resource.build_tams_api (local-exec):[0m [0mAfter this operation, 290 MB of additional disk space will be used.
[0m[1mnull_resource.build_tams_api (local-exec):[0m [0mGet:1 http://deb.debian.org/debian trixie/main amd64 sensible-utils all 0.0.25 [25.0 kB]
[0m[1mnull_resource.build_tams_api (local-exec):[0m [0mGet:2 http://deb.debian.org/debian trixie/main amd64 krb5-locales all 1.21.3-5 [101 kB]
[0m[1mnull_resource.build_tams_api (local-exec):[0m [0mGet:3 http://deb.debian.org/debian trixie/main amd64 manpages all 6.9.1-1 [1393 kB]
[0m[1mnull_resource.build_tams_api (local-exec):[0m [0mGet:4 http://deb.debian.org/debian trixie/main amd64 perl-modules-5.40 all 5.40.1-6 [3019 kB]
[0m[1mnull_resource.build_tams_api (local-exec):[0m [0mGet:5 http://deb.debian.org/debian trixie/main amd64 libgdbm-compat4t64 amd64 1.24-2 [50.3 kB]
[0m[1mnull_resource.build_tams_api (local-exec):[0m [0mGet:6 http://deb.debian.org/debian trixie/main amd64 libperl5.40 amd64 5.40.1-6 [4341 kB]
[0m[1mnull_resource.build_tams_api (local-exec):[0m [0mGet:7 http://deb.debian.org/debian trixie/main amd64 perl amd64 5.40.1-6 [267 kB]
[0m[1mnull_resource.build_tams_api (local-exec):[0m [0mGet:8 http://deb.debian.org/debian trixie/main amd64 libsframe1 amd64 2.44-3 [78.4 kB]
[0m[1mnull_resource.build_tams_api (local-exec):[0m [0mGet:9 http://deb.debian.org/debian trixie/main amd64 binutils-common amd64 2.44-3 [2509 kB]
[0m[1mnull_resource.build_tams_api (local-exec):[0m [0mGet:10 http://deb.debian.org/debian trixie/main amd64 libbinutils amd64 2.44-3 [534 kB]
[0m[1mnull_resource.build_tams_api (local-exec):[0m [0mGet:11 http://deb.debian.org/debian trixie/main amd64 libgprofng0 amd64 2.44-3 [808 kB]
[0m[1mnull_resource.build_tams_api (local-exec):[0m [0mGet:12 http://deb.debian.org/debian trixie/main amd64 libctf-nobfd0 amd64 2.44-3 [156 kB]
[0m[1mnull_resource.build_tams_api (local-exec):[0m [0mGet:13 http://deb.debian.org/debian trixie/main amd64 libctf0 amd64 2.44-3 [88.6 kB]
[0m[1mnull_resource.build_tams_api (local-exec):[0m [0mGet:14 http://deb.debian.org/debian trixie/main amd64 libjansson4 amd64 2.14-2+b3 [39.8 kB]
[0m[1mnull_resource.build_tams_api (local-exec):[0m [0mGet:15 http://deb.debian.org/debian trixie/main amd64 binutils-x86-64-linux-gnu amd64 2.44-3 [1014 kB]
[0m[1mnull_resource.build_tams_api (local-exec):[0m [0mGet:16 http://deb.debian.org/debian trixie/main amd64 binutils amd64 2.44-3 [265 kB]
[0m[1mnull_resource.build_tams_api (local-exec):[0m [0mGet:17 http://deb.debian.org/debian trixie/main amd64 libisl23 amd64 0.27-1 [659 kB]
[0m[1mnull_resource.build_tams_api (local-exec):[0m [0mGet:18 http://deb.debian.org/debian trixie/main amd64 libmpfr6 amd64 4.2.2-1 [729 kB]
[0m[1mnull_resource.build_tams_api (local-exec):[0m [0mGet:19 http://deb.debian.org/debian trixie/main amd64 libmpc3 amd64 1.3.1-1+b3 [52.2 kB]
[0m[1mnull_resource.build_tams_api (local-exec):[0m [0mGet:20 http://deb.debian.org/debian trixie/main amd64 cpp-14-x86-64-linux-gnu amd64 14.2.0-19 [11.0 MB]
[0m[1mnull_resource.build_tams_api (local-exec):[0m [0mGet:21 http://deb.debian.org/debian trixie/main amd64 cpp-14 amd64 14.2.0-19 [1280 B]
[0m[1mnull_resource.build_tams_api (local-exec):[0m [0mGet:22 http://deb.debian.org/debian trixie/main amd64 cpp-x86-64-linux-gnu amd64 4:14.2.0-1 [4840 B]
[0m[1mnull_resource.build_tams_api (local-exec):[0m [0mGet:23 http://deb.debian.org/debian trixie/main amd64 cpp amd64 4:14.2.0-1 [1568 B]
[0m[1mnull_resource.build_tams_api (local-exec):[0m [0mGet:24 http://deb.debian.org/debian trixie/main amd64 libcc1-0 amd64 14.2.0-19 [42.8 kB]
[0m[1mnull_resource.build_tams_api (local-exec):[0m [0mGet:25 http://deb.debian.org/debian trixie/main amd64 libgomp1 amd64 14.2.0-19 [137 kB]
[0m[1mnull_resource.build_tams_api (local-exec):[0m [0mGet:26 http://deb.debian.org/debian trixie/main amd64 libitm1 amd64 14.2.0-19 [26.0 kB]
[0m[1mnull_resource.build_tams_api (local-exec):[0m [0mGet:27 http://deb.debian.org/debian trixie/main amd64 libatomic1 amd64 14.2.0-19 [9308 B]
[0m[1mnull_resource.build_tams_api (local-exec):[0m [0mGet:28 http://deb.debian.org/debian trixie/main amd64 libasan8 amd64 14.2.0-19 [2725 kB]
[0m[1mnull_resource.build_tams_api (local-exec):[0m [0mGet:29 http://deb.debian.org/debian trixie/main amd64 liblsan0 amd64 14.2.0-19 [1204 kB]
[0m[1mnull_resource.build_tams_api (local-exec):[0m [0mGet:30 http://deb.debian.org/debian trixie/main amd64 libtsan2 amd64 14.2.0-19 [2460 kB]
[0m[1mnull_resource.build_tams_api (local-exec):[0m [0mGet:31 http://deb.debian.org/debian trixie/main amd64 libubsan1 amd64 14.2.0-19 [1074 kB]
[0m[1mnull_resource.build_tams_api (local-exec):[0m [0mGet:32 http://deb.debian.org/debian trixie/main amd64 libhwasan0 amd64 14.2.0-19 [1488 kB]
[0m[1mnull_resource.build_tams_api (local-exec):[0m [0mGet:33 http://deb.debian.org/debian trixie/main amd64 libquadmath0 amd64 14.2.0-19 [145 kB]
[0m[1mnull_resource.build_tams_api (local-exec):[0m [0mGet:34 http://deb.debian.org/debian trixie/main amd64 libgcc-14-dev amd64 14.2.0-19 [2672 kB]
[0m[1mnull_resource.build_tams_api (local-exec):[0m [0mGet:35 http://deb.debian.org/debian trixie/main amd64 gcc-14-x86-64-linux-gnu amd64 14.2.0-19 [21.4 MB]
[0m[1mnull_resource.build_tams_api (local-exec):[0m [0mGet:36 http://deb.debian.org/debian trixie/main amd64 gcc-14 amd64 14.2.0-19 [540 kB]
[0m[1mnull_resource.build_tams_api (local-exec):[0m [0mGet:37 http://deb.debian.org/debian trixie/main amd64 gcc-x86-64-linux-gnu amd64 4:14.2.0-1 [1436 B]
[0m[1mnull_resource.build_tams_api (local-exec):[0m [0mGet:38 http://deb.debian.org/debian trixie/main amd64 gcc amd64 4:14.2.0-1 [5136 B]
[0m[1mnull_resource.build_tams_api (local-exec):[0m [0mGet:39 http://deb.debian.org/debian trixie/main amd64 libc-dev-bin amd64 2.41-12 [58.2 kB]
[0m[1mnull_resource.build_tams_api (local-exec):[0m [0mGet:40 http://deb.debian.org/debian-security trixie-security/main amd64 linux-libc-dev all 6.12.48-1 [2671 kB]
[0m[1mnull_resource.build_tams_api (local-exec):[0m [0mGet:41 http://deb.debian.org/debian trixie/main amd64 libcrypt-dev amd64 1:4.4.38-1 [119 kB]
[0m[1mnull_resource.build_tams_api (local-exec):[0m [0mGet:42 http://deb.debian.org/debian trixie/main amd64 rpcsvc-proto amd64 1.4.3-1 [63.3 kB]
[0m[1mnull_resource.build_tams_api (local-exec):[0m [0mGet:43 http://deb.debian.org/debian trixie/main amd64 libc6-dev amd64 2.41-12 [1991 kB]
[0m[1mnull_resource.build_tams_api (local-exec):[0m [0mGet:44 http://deb.debian.org/debian trixie/main amd64 libcom-err2 amd64 1.47.2-3+b3 [25.0 kB]
[0m[1mnull_resource.build_tams_api (local-exec):[0m [0mGet:45 http://deb.debian.org/debian trixie/main amd64 libkrb5support0 amd64 1.21.3-5 [33.0 kB]
[0m[1mnull_resource.build_tams_api (local-exec):[0m [0mGet:46 http://deb.debian.org/debian trixie/main amd64 libk5crypto3 amd64 1.21.3-5 [81.5 kB]
[0m[1mnull_resource.build_tams_api (local-exec):[0m [0mGet:47 http://deb.debian.org/debian trixie/main amd64 libkeyutils1 amd64 1.6.3-6 [9456 B]
[0m[1mnull_resource.build_tams_api (local-exec):[0m [0mGet:48 http://deb.debian.org/debian trixie/main amd64 libkrb5-3 amd64 1.21.3-5 [326 kB]
[0m[1mnull_resource.build_tams_api (local-exec):[0m [0mGet:49 http://deb.debian.org/debian trixie/main amd64 libgssapi-krb5-2 amd64 1.21.3-5 [138 kB]
[0m[1mnull_resource.build_tams_api (local-exec):[0m [0mGet:50 http://deb.debian.org/debian trixie/main amd64 libldap-common all 2.6.10+dfsg-1 [35.1 kB]
[0m[1mnull_resource.build_tams_api (local-exec):[0m [0mGet:51 http://deb.debian.org/debian trixie/main amd64 libsasl2-modules-db amd64 2.1.28+dfsg1-9 [19.8 kB]
[0m[1mnull_resource.build_tams_api (local-exec):[0m [0mGet:52 http://deb.debian.org/debian trixie/main amd64 libsasl2-2 amd64 2.1.28+dfsg1-9 [57.5 kB]
[0m[1mnull_resource.build_tams_api (local-exec):[0m [0mGet:53 http://deb.debian.org/debian trixie/main amd64 libldap2 amd64 2.6.10+dfsg-1 [194 kB]
[0m[1mnull_resource.build_tams_api (local-exec):[0m [0mGet:54 http://deb.debian.org/debian trixie/main amd64 libpq5 amd64 17.6-0+deb13u1 [228 kB]
[0m[1mnull_resource.build_tams_api (local-exec):[0m [0mGet:55 http://deb.debian.org/debian trixie/main amd64 libsasl2-modules amd64 2.1.28+dfsg1-9 [66.7 kB]
[0m[1mnull_resource.build_tams_api (local-exec):[0m [0mGet:56 http://deb.debian.org/debian trixie/main amd64 manpages-dev all 6.9.1-1 [2122 kB]
[0m[1mnull_resource.build_tams_api (local-exec):[0m [0mGet:57 http://deb.debian.org/debian trixie/main amd64 postgresql-client-common all 278 [47.1 kB]
[0m[1mnull_resource.build_tams_api (local-exec):[0m [0mGet:58 http://deb.debian.org/debian trixie/main amd64 postgresql-client-17 amd64 17.6-0+deb13u1 [2031 kB]
[0m[1mnull_resource.build_tams_api (local-exec):[0m [0mGet:59 http://deb.debian.org/debian trixie/main amd64 postgresql-client all 17+278 [14.0 kB]
[0m[1mnull_resource.build_tams_api (local-exec):[0m [0m[91mdebconf: unable to initialize frontend: Dialog
[0m[1mnull_resource.build_tams_api (local-exec):[0m [0mdebconf: (TERM is not set, so the dialog frontend is not usable.)
[0m[1mnull_resource.build_tams_api (local-exec):[0m [0mdebconf: falling back to frontend: Readline
[0m[1mnull_resource.build_tams_api (local-exec):[0m [0m[0m[91mdebconf: unable to initialize frontend: Readline
[0m[1mnull_resource.build_tams_api (local-exec):[0m [0mdebconf: (Can't locate Term/ReadLine.pm in @INC (you may need to install the Term::ReadLine module) (@INC entries checked: /etc/perl /usr/local/lib/x86_64-linux-gnu/perl/5.40.1 /usr/local/share/perl/5.40.1 /usr/lib/x86_64-linux-gnu/perl5/5.40 /usr/share/perl5 /usr/lib/x86_64-linux-gnu/perl-base /usr/lib/x86_64-linux-gnu/perl/5.40 /usr/share/perl/5.40 /usr/local/lib/site_perl) at /usr/share/perl5/Debconf/FrontEnd/Readline.pm line 8, <STDIN> line 59.)
[0m[1mnull_resource.build_tams_api (local-exec):[0m [0m[0m[91mdebconf: falling back to frontend: Teletype
[0m[1mnull_resource.build_tams_api (local-exec):[0m [0m[0m[91mdebconf: unable to initialize frontend: Teletype
[0m[1mnull_resource.build_tams_api (local-exec):[0m [0mdebconf: (This frontend requires a controlling tty.)
[0m[1mnull_resource.build_tams_api (local-exec):[0m [0mdebconf: falling back to frontend: Noninteractive
[0m[1mnull_resource.build_tams_api (local-exec):[0m [0m[0mFetched 71.4 MB in 1s (111 MB/s)
[0m[1mnull_resource.build_tams_api (local-exec):[0m [0mSelecting previously unselected package sensible-utils.
[0m[1mnull_resource.build_tams_api (local-exec):[0m [0m(Reading database ...
[0m[1mnull_resource.build_tams_api (local-exec):[0m [0m(Reading database ... 5%
[0m[1mnull_resource.build_tams_api (local-exec):[0m [0m(Reading database ... 10%
[0m[1mnull_resource.build_tams_api (local-exec):[0m [0m(Reading database ... 15%
[0m[1mnull_resource.build_tams_api (local-exec):[0m [0m(Reading database ... 20%
[0m[1mnull_resource.build_tams_api (local-exec):[0m [0m(Reading database ... 25%
[0m[1mnull_resource.build_tams_api (local-exec):[0m [0m(Reading database ... 30%
[0m[1mnull_resource.build_tams_api (local-exec):[0m [0m(Reading database ... 35%
[0m[1mnull_resource.build_tams_api (local-exec):[0m [0m(Reading database ... 40%
[0m[1mnull_resource.build_tams_api (local-exec):[0m [0m(Reading database ... 45%
[0m[1mnull_resource.build_tams_api (local-exec):[0m [0m(Reading database ... 50%
[0m[1mnull_resource.build_tams_api (local-exec):[0m [0m(Reading database ... 55%
[0m[1mnull_resource.build_tams_api (local-exec):[0m [0m(Reading database ... 60%
[0m[1mnull_resource.build_tams_api (local-exec):[0m [0m(Reading database ... 65%
[0m[1mnull_resource.build_tams_api (local-exec):[0m [0m(Reading database ... 70%
[0m[1mnull_resource.build_tams_api (local-exec):[0m [0m(Reading database ... 75%
[0m[1mnull_resource.build_tams_api (local-exec):[0m [0m(Reading database ... 80%
[0m[1mnull_resource.build_tams_api (local-exec):[0m [0m(Reading database ... 85%
[0m[1mnull_resource.build_tams_api (local-exec):[0m [0m(Reading database ... 90%
[0m[1mnull_resource.build_tams_api (local-exec):[0m [0m(Reading database ... 95%
[0m[1mnull_resource.build_tams_api (local-exec):[0m [0m(Reading database ... 100%
[0m[1mnull_resource.build_tams_api (local-exec):[0m [0m(Reading database ... 5644 files and directories currently installed.)
[0m[1mnull_resource.build_tams_api (local-exec):[0m [0mPreparing to unpack .../00-sensible-utils_0.0.25_all.deb ...
[0m[1mnull_resource.build_tams_api (local-exec):[0m [0mUnpacking sensible-utils (0.0.25) ...
[0m[1mnull_resource.build_tams_api (local-exec):[0m [0mSelecting previously unselected package krb5-locales.
[0m[1mnull_resource.build_tams_api (local-exec):[0m [0mPreparing to unpack .../01-krb5-locales_1.21.3-5_all.deb ...
[0m[1mnull_resource.build_tams_api (local-exec):[0m [0mUnpacking krb5-locales (1.21.3-5) ...
[0m[1mnull_resource.build_tams_api (local-exec):[0m [0mSelecting previously unselected package manpages.
[0m[1mnull_resource.build_tams_api (local-exec):[0m [0mPreparing to unpack .../02-manpages_6.9.1-1_all.deb ...
[0m[1mnull_resource.build_tams_api (local-exec):[0m [0mUnpacking manpages (6.9.1-1) ...
[0m[1mnull_resource.build_tams_api (local-exec):[0m [0mSelecting previously unselected package perl-modules-5.40.
[0m[1mnull_resource.build_tams_api (local-exec):[0m [0mPreparing to unpack .../03-perl-modules-5.40_5.40.1-6_all.deb ...
[0m[1mnull_resource.build_tams_api (local-exec):[0m [0mUnpacking perl-modules-5.40 (5.40.1-6) ...
[0m[1mnull_resource.build_tams_api (local-exec):[0m [0mSelecting previously unselected package libgdbm-compat4t64:amd64.
[0m[1mnull_resource.build_tams_api (local-exec):[0m [0mPreparing to unpack .../04-libgdbm-compat4t64_1.24-2_amd64.deb ...
[0m[1mnull_resource.build_tams_api (local-exec):[0m [0mUnpacking libgdbm-compat4t64:amd64 (1.24-2) ...
[0m[1mnull_resource.build_tams_api (local-exec):[0m [0mSelecting previously unselected package libperl5.40:amd64.
[0m[1mnull_resource.build_tams_api (local-exec):[0m [0mPreparing to unpack .../05-libperl5.40_5.40.1-6_amd64.deb ...
[0m[1mnull_resource.build_tams_api (local-exec):[0m [0mUnpacking libperl5.40:amd64 (5.40.1-6) ...
[0m[1mnull_resource.build_tams_api (local-exec):[0m [0mSelecting previously unselected package perl.
[0m[1mnull_resource.build_tams_api (local-exec):[0m [0mPreparing to unpack .../06-perl_5.40.1-6_amd64.deb ...
[0m[1mnull_resource.build_tams_api (local-exec):[0m [0mUnpacking perl (5.40.1-6) ...
[0m[1mnull_resource.build_tams_api (local-exec):[0m [0mSelecting previously unselected package libsframe1:amd64.
[0m[1mnull_resource.build_tams_api (local-exec):[0m [0mPreparing to unpack .../07-libsframe1_2.44-3_amd64.deb ...
[0m[1mnull_resource.build_tams_api (local-exec):[0m [0mUnpacking libsframe1:amd64 (2.44-3) ...
[0m[1mnull_resource.build_tams_api (local-exec):[0m [0mSelecting previously unselected package binutils-common:amd64.
[0m[1mnull_resource.build_tams_api (local-exec):[0m [0mPreparing to unpack .../08-binutils-common_2.44-3_amd64.deb ...
[0m[1mnull_resource.build_tams_api (local-exec):[0m [0mUnpacking binutils-common:amd64 (2.44-3) ...
[0m[1mnull_resource.build_tams_api (local-exec):[0m [0mSelecting previously unselected package libbinutils:amd64.
[0m[1mnull_resource.build_tams_api (local-exec):[0m [0mPreparing to unpack .../09-libbinutils_2.44-3_amd64.deb ...
[0m[1mnull_resource.build_tams_api (local-exec):[0m [0mUnpacking libbinutils:amd64 (2.44-3) ...
[0m[1mnull_resource.build_tams_frontend: Still creating... [00m40s elapsed][0m[0m
[0m[1mnull_resource.build_tams_api: Still creating... [00m40s elapsed][0m[0m
[0m[1mgoogle_sql_database_instance.tams_db: Still modifying... [id=tams-db-instance, 00m40s elapsed][0m[0m
[0m[1mnull_resource.build_tams_api (local-exec):[0m [0mSelecting previously unselected package libgprofng0:amd64.
[0m[1mnull_resource.build_tams_api (local-exec):[0m [0mPreparing to unpack .../10-libgprofng0_2.44-3_amd64.deb ...
[0m[1mnull_resource.build_tams_api (local-exec):[0m [0mUnpacking libgprofng0:amd64 (2.44-3) ...
[0m[1mnull_resource.build_tams_api (local-exec):[0m [0mSelecting previously unselected package libctf-nobfd0:amd64.
[0m[1mnull_resource.build_tams_api (local-exec):[0m [0mPreparing to unpack .../11-libctf-nobfd0_2.44-3_amd64.deb ...
[0m[1mnull_resource.build_tams_api (local-exec):[0m [0mUnpacking libctf-nobfd0:amd64 (2.44-3) ...
[0m[1mnull_resource.build_tams_api (local-exec):[0m [0mSelecting previously unselected package libctf0:amd64.
[0m[1mnull_resource.build_tams_api (local-exec):[0m [0mPreparing to unpack .../12-libctf0_2.44-3_amd64.deb ...
[0m[1mnull_resource.build_tams_api (local-exec):[0m [0mUnpacking libctf0:amd64 (2.44-3) ...
[0m[1mnull_resource.build_tams_api (local-exec):[0m [0mSelecting previously unselected package libjansson4:amd64.
[0m[1mnull_resource.build_tams_api (local-exec):[0m [0mPreparing to unpack .../13-libjansson4_2.14-2+b3_amd64.deb ...
[0m[1mnull_resource.build_tams_api (local-exec):[0m [0mUnpacking libjansson4:amd64 (2.14-2+b3) ...
[0m[1mnull_resource.build_tams_api (local-exec):[0m [0mSelecting previously unselected package binutils-x86-64-linux-gnu.
[0m[1mnull_resource.build_tams_api (local-exec):[0m [0mPreparing to unpack .../14-binutils-x86-64-linux-gnu_2.44-3_amd64.deb ...
[0m[1mnull_resource.build_tams_api (local-exec):[0m [0mUnpacking binutils-x86-64-linux-gnu (2.44-3) ...
[0m[1mnull_resource.build_tams_api (local-exec):[0m [0mSelecting previously unselected package binutils.
[0m[1mnull_resource.build_tams_api (local-exec):[0m [0mPreparing to unpack .../15-binutils_2.44-3_amd64.deb ...
[0m[1mnull_resource.build_tams_api (local-exec):[0m [0mUnpacking binutils (2.44-3) ...
[0m[1mnull_resource.build_tams_api (local-exec):[0m [0mSelecting previously unselected package libisl23:amd64.
[0m[1mnull_resource.build_tams_api (local-exec):[0m [0mPreparing to unpack .../16-libisl23_0.27-1_amd64.deb ...
[0m[1mnull_resource.build_tams_api (local-exec):[0m [0mUnpacking libisl23:amd64 (0.27-1) ...
[0m[1mnull_resource.build_tams_api (local-exec):[0m [0mSelecting previously unselected package libmpfr6:amd64.
[0m[1mnull_resource.build_tams_api (local-exec):[0m [0mPreparing to unpack .../17-libmpfr6_4.2.2-1_amd64.deb ...
[0m[1mnull_resource.build_tams_api (local-exec):[0m [0mUnpacking libmpfr6:amd64 (4.2.2-1) ...
[0m[1mnull_resource.build_tams_api (local-exec):[0m [0mSelecting previously unselected package libmpc3:amd64.
[0m[1mnull_resource.build_tams_api (local-exec):[0m [0mPreparing to unpack .../18-libmpc3_1.3.1-1+b3_amd64.deb ...
[0m[1mnull_resource.build_tams_api (local-exec):[0m [0mUnpacking libmpc3:amd64 (1.3.1-1+b3) ...
[0m[1mnull_resource.build_tams_api (local-exec):[0m [0mSelecting previously unselected package cpp-14-x86-64-linux-gnu.
[0m[1mnull_resource.build_tams_api (local-exec):[0m [0mPreparing to unpack .../19-cpp-14-x86-64-linux-gnu_14.2.0-19_amd64.deb ...
[0m[1mnull_resource.build_tams_api (local-exec):[0m [0mUnpacking cpp-14-x86-64-linux-gnu (14.2.0-19) ...
[0m[1mnull_resource.build_tams_api (local-exec):[0m [0mSelecting previously unselected package cpp-14.
[0m[1mnull_resource.build_tams_api (local-exec):[0m [0mPreparing to unpack .../20-cpp-14_14.2.0-19_amd64.deb ...
[0m[1mnull_resource.build_tams_api (local-exec):[0m [0mUnpacking cpp-14 (14.2.0-19) ...
[0m[1mnull_resource.build_tams_api (local-exec):[0m [0mSelecting previously unselected package cpp-x86-64-linux-gnu.
[0m[1mnull_resource.build_tams_api (local-exec):[0m [0mPreparing to unpack .../21-cpp-x86-64-linux-gnu_4%3a14.2.0-1_amd64.deb ...
[0m[1mnull_resource.build_tams_api (local-exec):[0m [0mUnpacking cpp-x86-64-linux-gnu (4:14.2.0-1) ...
[0m[1mnull_resource.build_tams_api (local-exec):[0m [0mSelecting previously unselected package cpp.
[0m[1mnull_resource.build_tams_api (local-exec):[0m [0mPreparing to unpack .../22-cpp_4%3a14.2.0-1_amd64.deb ...
[0m[1mnull_resource.build_tams_api (local-exec):[0m [0mUnpacking cpp (4:14.2.0-1) ...
[0m[1mnull_resource.build_tams_api (local-exec):[0m [0mSelecting previously unselected package libcc1-0:amd64.
[0m[1mnull_resource.build_tams_api (local-exec):[0m [0mPreparing to unpack .../23-libcc1-0_14.2.0-19_amd64.deb ...
[0m[1mnull_resource.build_tams_api (local-exec):[0m [0mUnpacking libcc1-0:amd64 (14.2.0-19) ...
[0m[1mnull_resource.build_tams_api (local-exec):[0m [0mSelecting previously unselected package libgomp1:amd64.
[0m[1mnull_resource.build_tams_api (local-exec):[0m [0mPreparing to unpack .../24-libgomp1_14.2.0-19_amd64.deb ...
[0m[1mnull_resource.build_tams_api (local-exec):[0m [0mUnpacking libgomp1:amd64 (14.2.0-19) ...
[0m[1mnull_resource.build_tams_api (local-exec):[0m [0mSelecting previously unselected package libitm1:amd64.
[0m[1mnull_resource.build_tams_api (local-exec):[0m [0mPreparing to unpack .../25-libitm1_14.2.0-19_amd64.deb ...
[0m[1mnull_resource.build_tams_api (local-exec):[0m [0mUnpacking libitm1:amd64 (14.2.0-19) ...
[0m[1mnull_resource.build_tams_api (local-exec):[0m [0mSelecting previously unselected package libatomic1:amd64.
[0m[1mnull_resource.build_tams_api (local-exec):[0m [0mPreparing to unpack .../26-libatomic1_14.2.0-19_amd64.deb ...
[0m[1mnull_resource.build_tams_api (local-exec):[0m [0mUnpacking libatomic1:amd64 (14.2.0-19) ...
[0m[1mnull_resource.build_tams_api (local-exec):[0m [0mSelecting previously unselected package libasan8:amd64.
[0m[1mnull_resource.build_tams_api (local-exec):[0m [0mPreparing to unpack .../27-libasan8_14.2.0-19_amd64.deb ...
[0m[1mnull_resource.build_tams_api (local-exec):[0m [0mUnpacking libasan8:amd64 (14.2.0-19) ...
[0m[1mnull_resource.build_tams_api (local-exec):[0m [0mSelecting previously unselected package liblsan0:amd64.
[0m[1mnull_resource.build_tams_api (local-exec):[0m [0mPreparing to unpack .../28-liblsan0_14.2.0-19_amd64.deb ...
[0m[1mnull_resource.build_tams_api (local-exec):[0m [0mUnpacking liblsan0:amd64 (14.2.0-19) ...
[0m[1mnull_resource.build_tams_api (local-exec):[0m [0mSelecting previously unselected package libtsan2:amd64.
[0m[1mnull_resource.build_tams_api (local-exec):[0m [0mPreparing to unpack .../29-libtsan2_14.2.0-19_amd64.deb ...
[0m[1mnull_resource.build_tams_api (local-exec):[0m [0mUnpacking libtsan2:amd64 (14.2.0-19) ...
[0m[1mnull_resource.build_tams_api (local-exec):[0m [0mSelecting previously unselected package libubsan1:amd64.
[0m[1mnull_resource.build_tams_api (local-exec):[0m [0mPreparing to unpack .../30-libubsan1_14.2.0-19_amd64.deb ...
[0m[1mnull_resource.build_tams_api (local-exec):[0m [0mUnpacking libubsan1:amd64 (14.2.0-19) ...
[0m[1mnull_resource.build_tams_api (local-exec):[0m [0mSelecting previously unselected package libhwasan0:amd64.
[0m[1mnull_resource.build_tams_api (local-exec):[0m [0mPreparing to unpack .../31-libhwasan0_14.2.0-19_amd64.deb ...
[0m[1mnull_resource.build_tams_api (local-exec):[0m [0mUnpacking libhwasan0:amd64 (14.2.0-19) ...
[0m[1mnull_resource.build_tams_api (local-exec):[0m [0mSelecting previously unselected package libquadmath0:amd64.
[0m[1mnull_resource.build_tams_api (local-exec):[0m [0mPreparing to unpack .../32-libquadmath0_14.2.0-19_amd64.deb ...
[0m[1mnull_resource.build_tams_api (local-exec):[0m [0mUnpacking libquadmath0:amd64 (14.2.0-19) ...
[0m[1mnull_resource.build_tams_api (local-exec):[0m [0mSelecting previously unselected package libgcc-14-dev:amd64.
[0m[1mnull_resource.build_tams_api (local-exec):[0m [0mPreparing to unpack .../33-libgcc-14-dev_14.2.0-19_amd64.deb ...
[0m[1mnull_resource.build_tams_api (local-exec):[0m [0mUnpacking libgcc-14-dev:amd64 (14.2.0-19) ...
[0m[1mnull_resource.build_tams_api (local-exec):[0m [0mSelecting previously unselected package gcc-14-x86-64-linux-gnu.
[0m[1mnull_resource.build_tams_api (local-exec):[0m [0mPreparing to unpack .../34-gcc-14-x86-64-linux-gnu_14.2.0-19_amd64.deb ...
[0m[1mnull_resource.build_tams_api (local-exec):[0m [0mUnpacking gcc-14-x86-64-linux-gnu (14.2.0-19) ...
[0m[1mnull_resource.build_tams_api (local-exec):[0m [0mSelecting previously unselected package gcc-14.
[0m[1mnull_resource.build_tams_api (local-exec):[0m [0mPreparing to unpack .../35-gcc-14_14.2.0-19_amd64.deb ...
[0m[1mnull_resource.build_tams_api (local-exec):[0m [0mUnpacking gcc-14 (14.2.0-19) ...
[0m[1mnull_resource.build_tams_api (local-exec):[0m [0mSelecting previously unselected package gcc-x86-64-linux-gnu.
[0m[1mnull_resource.build_tams_api (local-exec):[0m [0mPreparing to unpack .../36-gcc-x86-64-linux-gnu_4%3a14.2.0-1_amd64.deb ...
[0m[1mnull_resource.build_tams_api (local-exec):[0m [0mUnpacking gcc-x86-64-linux-gnu (4:14.2.0-1) ...
[0m[1mnull_resource.build_tams_api (local-exec):[0m [0mSelecting previously unselected package gcc.
[0m[1mnull_resource.build_tams_api (local-exec):[0m [0mPreparing to unpack .../37-gcc_4%3a14.2.0-1_amd64.deb ...
[0m[1mnull_resource.build_tams_api (local-exec):[0m [0mUnpacking gcc (4:14.2.0-1) ...
[0m[1mnull_resource.build_tams_api (local-exec):[0m [0mSelecting previously unselected package libc-dev-bin.
[0m[1mnull_resource.build_tams_api (local-exec):[0m [0mPreparing to unpack .../38-libc-dev-bin_2.41-12_amd64.deb ...
[0m[1mnull_resource.build_tams_api (local-exec):[0m [0mUnpacking libc-dev-bin (2.41-12) ...
[0m[1mnull_resource.build_tams_api (local-exec):[0m [0mSelecting previously unselected package linux-libc-dev.
[0m[1mnull_resource.build_tams_api (local-exec):[0m [0mPreparing to unpack .../39-linux-libc-dev_6.12.48-1_all.deb ...
[0m[1mnull_resource.build_tams_api (local-exec):[0m [0mUnpacking linux-libc-dev (6.12.48-1) ...
[0m[1mnull_resource.build_tams_api (local-exec):[0m [0mSelecting previously unselected package libcrypt-dev:amd64.
[0m[1mnull_resource.build_tams_api (local-exec):[0m [0mPreparing to unpack .../40-libcrypt-dev_1%3a4.4.38-1_amd64.deb ...
[0m[1mnull_resource.build_tams_api (local-exec):[0m [0mUnpacking libcrypt-dev:amd64 (1:4.4.38-1) ...
[0m[1mnull_resource.build_tams_api (local-exec):[0m [0mSelecting previously unselected package rpcsvc-proto.
[0m[1mnull_resource.build_tams_api (local-exec):[0m [0mPreparing to unpack .../41-rpcsvc-proto_1.4.3-1_amd64.deb ...
[0m[1mnull_resource.build_tams_api (local-exec):[0m [0mUnpacking rpcsvc-proto (1.4.3-1) ...
[0m[1mnull_resource.build_tams_api (local-exec):[0m [0mSelecting previously unselected package libc6-dev:amd64.
[0m[1mnull_resource.build_tams_api (local-exec):[0m [0mPreparing to unpack .../42-libc6-dev_2.41-12_amd64.deb ...
[0m[1mnull_resource.build_tams_api (local-exec):[0m [0mUnpacking libc6-dev:amd64 (2.41-12) ...
[0m[1mnull_resource.build_tams_api (local-exec):[0m [0mSelecting previously unselected package libcom-err2:amd64.
[0m[1mnull_resource.build_tams_api (local-exec):[0m [0mPreparing to unpack .../43-libcom-err2_1.47.2-3+b3_amd64.deb ...
[0m[1mnull_resource.build_tams_api (local-exec):[0m [0mUnpacking libcom-err2:amd64 (1.47.2-3+b3) ...
[0m[1mnull_resource.build_tams_api (local-exec):[0m [0mSelecting previously unselected package libkrb5support0:amd64.
[0m[1mnull_resource.build_tams_api (local-exec):[0m [0mPreparing to unpack .../44-libkrb5support0_1.21.3-5_amd64.deb ...
[0m[1mnull_resource.build_tams_api (local-exec):[0m [0mUnpacking libkrb5support0:amd64 (1.21.3-5) ...
[0m[1mnull_resource.build_tams_api (local-exec):[0m [0mSelecting previously unselected package libk5crypto3:amd64.
[0m[1mnull_resource.build_tams_api (local-exec):[0m [0mPreparing to unpack .../45-libk5crypto3_1.21.3-5_amd64.deb ...
[0m[1mnull_resource.build_tams_api (local-exec):[0m [0mUnpacking libk5crypto3:amd64 (1.21.3-5) ...
[0m[1mnull_resource.build_tams_api (local-exec):[0m [0mSelecting previously unselected package libkeyutils1:amd64.
[0m[1mnull_resource.build_tams_api (local-exec):[0m [0mPreparing to unpack .../46-libkeyutils1_1.6.3-6_amd64.deb ...
[0m[1mnull_resource.build_tams_api (local-exec):[0m [0mUnpacking libkeyutils1:amd64 (1.6.3-6) ...
[0m[1mnull_resource.build_tams_api (local-exec):[0m [0mSelecting previously unselected package libkrb5-3:amd64.
[0m[1mnull_resource.build_tams_api (local-exec):[0m [0mPreparing to unpack .../47-libkrb5-3_1.21.3-5_amd64.deb ...
[0m[1mnull_resource.build_tams_api (local-exec):[0m [0mUnpacking libkrb5-3:amd64 (1.21.3-5) ...
[0m[1mnull_resource.build_tams_api (local-exec):[0m [0mSelecting previously unselected package libgssapi-krb5-2:amd64.
[0m[1mnull_resource.build_tams_api (local-exec):[0m [0mPreparing to unpack .../48-libgssapi-krb5-2_1.21.3-5_amd64.deb ...
[0m[1mnull_resource.build_tams_api (local-exec):[0m [0mUnpacking libgssapi-krb5-2:amd64 (1.21.3-5) ...
[0m[1mnull_resource.build_tams_api (local-exec):[0m [0mSelecting previously unselected package libldap-common.
[0m[1mnull_resource.build_tams_api (local-exec):[0m [0mPreparing to unpack .../49-libldap-common_2.6.10+dfsg-1_all.deb ...
[0m[1mnull_resource.build_tams_api (local-exec):[0m [0mUnpacking libldap-common (2.6.10+dfsg-1) ...
[0m[1mnull_resource.build_tams_api (local-exec):[0m [0mSelecting previously unselected package libsasl2-modules-db:amd64.
[0m[1mnull_resource.build_tams_api (local-exec):[0m [0mPreparing to unpack .../50-libsasl2-modules-db_2.1.28+dfsg1-9_amd64.deb ...
[0m[1mnull_resource.build_tams_api (local-exec):[0m [0mUnpacking libsasl2-modules-db:amd64 (2.1.28+dfsg1-9) ...
[0m[1mnull_resource.build_tams_api (local-exec):[0m [0mSelecting previously unselected package libsasl2-2:amd64.
[0m[1mnull_resource.build_tams_api (local-exec):[0m [0mPreparing to unpack .../51-libsasl2-2_2.1.28+dfsg1-9_amd64.deb ...
[0m[1mnull_resource.build_tams_api (local-exec):[0m [0mUnpacking libsasl2-2:amd64 (2.1.28+dfsg1-9) ...
[0m[1mnull_resource.build_tams_api (local-exec):[0m [0mSelecting previously unselected package libldap2:amd64.
[0m[1mnull_resource.build_tams_api (local-exec):[0m [0mPreparing to unpack .../52-libldap2_2.6.10+dfsg-1_amd64.deb ...
[0m[1mnull_resource.build_tams_api (local-exec):[0m [0mUnpacking libldap2:amd64 (2.6.10+dfsg-1) ...
[0m[1mnull_resource.build_tams_api (local-exec):[0m [0mSelecting previously unselected package libpq5:amd64.
[0m[1mnull_resource.build_tams_api (local-exec):[0m [0mPreparing to unpack .../53-libpq5_17.6-0+deb13u1_amd64.deb ...
[0m[1mnull_resource.build_tams_api (local-exec):[0m [0mUnpacking libpq5:amd64 (17.6-0+deb13u1) ...
[0m[1mnull_resource.build_tams_api (local-exec):[0m [0mSelecting previously unselected package libsasl2-modules:amd64.
[0m[1mnull_resource.build_tams_api (local-exec):[0m [0mPreparing to unpack .../54-libsasl2-modules_2.1.28+dfsg1-9_amd64.deb ...
[0m[1mnull_resource.build_tams_api (local-exec):[0m [0mUnpacking libsasl2-modules:amd64 (2.1.28+dfsg1-9) ...
[0m[1mnull_resource.build_tams_api (local-exec):[0m [0mSelecting previously unselected package manpages-dev.
[0m[1mnull_resource.build_tams_api (local-exec):[0m [0mPreparing to unpack .../55-manpages-dev_6.9.1-1_all.deb ...
[0m[1mnull_resource.build_tams_api (local-exec):[0m [0mUnpacking manpages-dev (6.9.1-1) ...
[0m[1mnull_resource.build_tams_api (local-exec):[0m [0mSelecting previously unselected package postgresql-client-common.
[0m[1mnull_resource.build_tams_api (local-exec):[0m [0mPreparing to unpack .../56-postgresql-client-common_278_all.deb ...
[0m[1mnull_resource.build_tams_api (local-exec):[0m [0mUnpacking postgresql-client-common (278) ...
[0m[1mnull_resource.build_tams_api (local-exec):[0m [0mSelecting previously unselected package postgresql-client-17.
[0m[1mnull_resource.build_tams_api (local-exec):[0m [0mPreparing to unpack .../57-postgresql-client-17_17.6-0+deb13u1_amd64.deb ...
[0m[1mnull_resource.build_tams_api (local-exec):[0m [0mUnpacking postgresql-client-17 (17.6-0+deb13u1) ...
[0m[1mnull_resource.build_tams_api (local-exec):[0m [0mSelecting previously unselected package postgresql-client.
[0m[1mnull_resource.build_tams_api (local-exec):[0m [0mPreparing to unpack .../58-postgresql-client_17+278_all.deb ...
[0m[1mnull_resource.build_tams_api (local-exec):[0m [0mUnpacking postgresql-client (17+278) ...
[0m[1mnull_resource.build_tams_api (local-exec):[0m [0mSetting up libkeyutils1:amd64 (1.6.3-6) ...
[0m[1mnull_resource.build_tams_api (local-exec):[0m [0mSetting up libgdbm-compat4t64:amd64 (1.24-2) ...
[0m[1mnull_resource.build_tams_api (local-exec):[0m [0mSetting up manpages (6.9.1-1) ...
[0m[1mnull_resource.build_tams_api (local-exec):[0m [0mSetting up libsasl2-modules:amd64 (2.1.28+dfsg1-9) ...
[0m[1mnull_resource.build_tams_api (local-exec):[0m [0mSetting up binutils-common:amd64 (2.44-3) ...
[0m[1mnull_resource.build_tams_api (local-exec):[0m [0mSetting up linux-libc-dev (6.12.48-1) ...
[0m[1mnull_resource.build_tams_api (local-exec):[0m [0mSetting up libctf-nobfd0:amd64 (2.44-3) ...
[0m[1mnull_resource.build_tams_api (local-exec):[0m [0mSetting up krb5-locales (1.21.3-5) ...
[0m[1mnull_resource.build_tams_api (local-exec):[0m [0mSetting up libcom-err2:amd64 (1.47.2-3+b3) ...
[0m[1mnull_resource.build_tams_api (local-exec):[0m [0mSetting up libgomp1:amd64 (14.2.0-19) ...
[0m[1mnull_resource.build_tams_api (local-exec):[0m [0mSetting up libldap-common (2.6.10+dfsg-1) ...
[0m[1mnull_resource.build_tams_api (local-exec):[0m [0mSetting up libsframe1:amd64 (2.44-3) ...
[0m[1mnull_resource.build_tams_api (local-exec):[0m [0mSetting up libjansson4:amd64 (2.14-2+b3) ...
[0m[1mnull_resource.build_tams_api (local-exec):[0m [0mSetting up libkrb5support0:amd64 (1.21.3-5) ...
[0m[1mnull_resource.build_tams_api (local-exec):[0m [0mSetting up libsasl2-modules-db:amd64 (2.1.28+dfsg1-9) ...
[0m[1mnull_resource.build_tams_api (local-exec):[0m [0mSetting up rpcsvc-proto (1.4.3-1) ...
[0m[1mnull_resource.build_tams_api (local-exec):[0m [0mSetting up libmpfr6:amd64 (4.2.2-1) ...
[0m[1mnull_resource.build_tams_api (local-exec):[0m [0mSetting up libquadmath0:amd64 (14.2.0-19) ...
[0m[1mnull_resource.build_tams_api (local-exec):[0m [0mSetting up libmpc3:amd64 (1.3.1-1+b3) ...
[0m[1mnull_resource.build_tams_api (local-exec):[0m [0mSetting up libatomic1:amd64 (14.2.0-19) ...
[0m[1mnull_resource.build_tams_api (local-exec):[0m [0mSetting up libk5crypto3:amd64 (1.21.3-5) ...
[0m[1mnull_resource.build_tams_api (local-exec):[0m [0mSetting up libsasl2-2:amd64 (2.1.28+dfsg1-9) ...
[0m[1mnull_resource.build_tams_api (local-exec):[0m [0mSetting up libubsan1:amd64 (14.2.0-19) ...
[0m[1mnull_resource.build_tams_api (local-exec):[0m [0mSetting up perl-modules-5.40 (5.40.1-6) ...
[0m[1mnull_resource.build_tams_api (local-exec):[0m [0mSetting up sensible-utils (0.0.25) ...
[0m[1mnull_resource.build_tams_api (local-exec):[0m [0mSetting up libhwasan0:amd64 (14.2.0-19) ...
[0m[1mnull_resource.build_tams_api (local-exec):[0m [0mSetting up libcrypt-dev:amd64 (1:4.4.38-1) ...
[0m[1mnull_resource.build_tams_api (local-exec):[0m [0mSetting up libasan8:amd64 (14.2.0-19) ...
[0m[1mnull_resource.build_tams_api (local-exec):[0m [0mSetting up libkrb5-3:amd64 (1.21.3-5) ...
[0m[1mnull_resource.build_tams_api (local-exec):[0m [0mSetting up libtsan2:amd64 (14.2.0-19) ...
[0m[1mnull_resource.build_tams_api (local-exec):[0m [0mSetting up libbinutils:amd64 (2.44-3) ...
[0m[1mnull_resource.build_tams_api (local-exec):[0m [0mSetting up libisl23:amd64 (0.27-1) ...
[0m[1mnull_resource.build_tams_api (local-exec):[0m [0mSetting up libc-dev-bin (2.41-12) ...
[0m[1mnull_resource.build_tams_api (local-exec):[0m [0mSetting up libcc1-0:amd64 (14.2.0-19) ...
[0m[1mnull_resource.build_tams_api (local-exec):[0m [0mSetting up libldap2:amd64 (2.6.10+dfsg-1) ...
[0m[1mnull_resource.build_tams_api (local-exec):[0m [0mSetting up liblsan0:amd64 (14.2.0-19) ...
[0m[1mnull_resource.build_tams_api (local-exec):[0m [0mSetting up libitm1:amd64 (14.2.0-19) ...
[0m[1mnull_resource.build_tams_api (local-exec):[0m [0mSetting up libctf0:amd64 (2.44-3) ...
[0m[1mnull_resource.build_tams_api (local-exec):[0m [0mSetting up manpages-dev (6.9.1-1) ...
[0m[1mnull_resource.build_tams_api (local-exec):[0m [0mSetting up libperl5.40:amd64 (5.40.1-6) ...
[0m[1mnull_resource.build_tams_api (local-exec):[0m [0mSetting up perl (5.40.1-6) ...
[0m[1mnull_resource.build_tams_api (local-exec):[0m [0mSetting up libgprofng0:amd64 (2.44-3) ...
[0m[1mnull_resource.build_tams_api (local-exec):[0m [0mSetting up libgssapi-krb5-2:amd64 (1.21.3-5) ...
[0m[1mnull_resource.build_tams_api (local-exec):[0m [0mSetting up cpp-14-x86-64-linux-gnu (14.2.0-19) ...
[0m[1mnull_resource.build_tams_api (local-exec):[0m [0mSetting up cpp-14 (14.2.0-19) ...
[0m[1mnull_resource.build_tams_api (local-exec):[0m [0mSetting up libc6-dev:amd64 (2.41-12) ...
[0m[1mnull_resource.build_tams_api (local-exec):[0m [0mSetting up libgcc-14-dev:amd64 (14.2.0-19) ...
[0m[1mnull_resource.build_tams_api (local-exec):[0m [0mSetting up binutils-x86-64-linux-gnu (2.44-3) ...
[0m[1mnull_resource.build_tams_api (local-exec):[0m [0mSetting up cpp-x86-64-linux-gnu (4:14.2.0-1) ...
[0m[1mnull_resource.build_tams_api (local-exec):[0m [0mSetting up postgresql-client-common (278) ...
[0m[1mnull_resource.build_tams_api (local-exec):[0m [0mSetting up libpq5:amd64 (17.6-0+deb13u1) ...
[0m[1mnull_resource.build_tams_api (local-exec):[0m [0mSetting up binutils (2.44-3) ...
[0m[1mnull_resource.build_tams_api (local-exec):[0m [0mSetting up cpp (4:14.2.0-1) ...
[0m[1mnull_resource.build_tams_api (local-exec):[0m [0mSetting up gcc-14-x86-64-linux-gnu (14.2.0-19) ...
[0m[1mnull_resource.build_tams_api (local-exec):[0m [0mSetting up gcc-x86-64-linux-gnu (4:14.2.0-1) ...
[0m[1mnull_resource.build_tams_api (local-exec):[0m [0mSetting up postgresql-client-17 (17.6-0+deb13u1) ...
[0m[1mnull_resource.build_tams_api (local-exec):[0m [0mupdate-alternatives: using /usr/share/postgresql/17/man/man1/psql.1.gz to provide /usr/share/man/man1/psql.1.gz (psql.1.gz) in auto mode
[0m[1mnull_resource.build_tams_api (local-exec):[0m [0mSetting up gcc-14 (14.2.0-19) ...
[0m[1mnull_resource.build_tams_api (local-exec):[0m [0mSetting up postgresql-client (17+278) ...
[0m[1mnull_resource.build_tams_api (local-exec):[0m [0mSetting up gcc (4:14.2.0-1) ...
[0m[1mnull_resource.build_tams_api (local-exec):[0m [0mProcessing triggers for libc-bin (2.41-12) ...
[0m[1mnull_resource.build_tams_api (local-exec):[0m [0mRemoving intermediate container a79dc98430cd
[0m[1mnull_resource.build_tams_api (local-exec):[0m [0m ---> dce8f43e8b3f
[0m[1mnull_resource.build_tams_api (local-exec):[0m [0mStep 4/11 : COPY requirements.txt .
[0m[1mnull_resource.build_tams_api (local-exec):[0m [0m ---> 3aa419be14fe
[0m[1mnull_resource.build_tams_api (local-exec):[0m [0mStep 5/11 : RUN pip install --no-cache-dir -r requirements.txt
[0m[1mnull_resource.build_tams_api (local-exec):[0m [0m ---> Running in bcafd4603157
[0m[1mnull_resource.build_tams_api (local-exec):[0m [0mCollecting fastapi==0.104.1 (from -r requirements.txt (line 1))
[0m[1mnull_resource.build_tams_api (local-exec):[0m [0m  Downloading fastapi-0.104.1-py3-none-any.whl.metadata (24 kB)
[0m[1mnull_resource.build_tams_api (local-exec):[0m [0mCollecting uvicorn==0.24.0 (from uvicorn[standard]==0.24.0->-r requirements.txt (line 2))
[0m[1mnull_resource.build_tams_api (local-exec):[0m [0m  Downloading uvicorn-0.24.0-py3-none-any.whl.metadata (6.4 kB)
[0m[1mnull_resource.build_tams_api (local-exec):[0m [0mCollecting psycopg2-binary==2.9.9 (from -r requirements.txt (line 3))
[0m[1mnull_resource.build_tams_api (local-exec):[0m [0m  Downloading psycopg2_binary-2.9.9-cp311-cp311-manylinux_2_17_x86_64.manylinux2014_x86_64.whl.metadata (4.4 kB)
[0m[1mnull_resource.build_tams_api (local-exec):[0m [0mCollecting sqlalchemy==2.0.23 (from -r requirements.txt (line 4))
[0m[1mnull_resource.build_tams_api (local-exec):[0m [0m  Downloading SQLAlchemy-2.0.23-cp311-cp311-manylinux_2_17_x86_64.manylinux2014_x86_64.whl.metadata (9.6 kB)
[0m[1mnull_resource.build_tams_api (local-exec):[0m [0mCollecting google-cloud-storage==2.13.0 (from -r requirements.txt (line 5))
[0m[1mnull_resource.build_tams_api (local-exec):[0m [0m  Downloading google_cloud_storage-2.13.0-py2.py3-none-any.whl.metadata (6.1 kB)
[0m[1mnull_resource.build_tams_api (local-exec):[0m [0mCollecting pydantic==2.5.0 (from -r requirements.txt (line 6))
[0m[1mnull_resource.build_tams_api (local-exec):[0m [0m  Downloading pydantic-2.5.0-py3-none-any.whl.metadata (174 kB)
[0m[1mnull_resource.build_tams_api (local-exec):[0m [0m     ━━━━━━━━━━━━━━━━━━━━━━━━━━━━━━━━━━━━━━ 174.6/174.6 kB 41.3 MB/s eta 0:00:00
[0m[1mnull_resource.build_tams_api (local-exec):[0m [0mCollecting python-multipart==0.0.6 (from -r requirements.txt (line 7))
[0m[1mnull_resource.build_tams_api (local-exec):[0m [0m  Downloading python_multipart-0.0.6-py3-none-any.whl.metadata (2.5 kB)
[0m[1mnull_resource.build_tams_api (local-exec):[0m [0mCollecting python-jose==3.3.0 (from python-jose[cryptography]==3.3.0->-r requirements.txt (line 8))
[0m[1mnull_resource.build_tams_api (local-exec):[0m [0m  Downloading python_jose-3.3.0-py2.py3-none-any.whl.metadata (5.4 kB)
[0m[1mnull_resource.build_tams_api (local-exec):[0m [0mCollecting anyio<4.0.0,>=3.7.1 (from fastapi==0.104.1->-r requirements.txt (line 1))
[0m[1mnull_resource.build_tams_api (local-exec):[0m [0m  Downloading anyio-3.7.1-py3-none-any.whl.metadata (4.7 kB)
[0m[1mnull_resource.build_tams_api (local-exec):[0m [0mCollecting starlette<0.28.0,>=0.27.0 (from fastapi==0.104.1->-r requirements.txt (line 1))
[0m[1mnull_resource.build_tams_api (local-exec):[0m [0m  Downloading starlette-0.27.0-py3-none-any.whl.metadata (5.8 kB)
[0m[1mnull_resource.build_tams_api (local-exec):[0m [0mCollecting typing-extensions>=4.8.0 (from fastapi==0.104.1->-r requirements.txt (line 1))
[0m[1mnull_resource.build_tams_api (local-exec):[0m [0m  Downloading typing_extensions-4.15.0-py3-none-any.whl.metadata (3.3 kB)
[0m[1mnull_resource.build_tams_api (local-exec):[0m [0mCollecting click>=7.0 (from uvicorn==0.24.0->uvicorn[standard]==0.24.0->-r requirements.txt (line 2))
[0m[1mnull_resource.build_tams_api (local-exec):[0m [0m  Downloading click-8.3.0-py3-none-any.whl.metadata (2.6 kB)
[0m[1mnull_resource.build_tams_api (local-exec):[0m [0mCollecting h11>=0.8 (from uvicorn==0.24.0->uvicorn[standard]==0.24.0->-r requirements.txt (line 2))
[0m[1mnull_resource.build_tams_api (local-exec):[0m [0m  Downloading h11-0.16.0-py3-none-any.whl.metadata (8.3 kB)
[0m[1mnull_resource.build_tams_api (local-exec):[0m [0mCollecting greenlet!=0.4.17 (from sqlalchemy==2.0.23->-r requirements.txt (line 4))
[0m[1mnull_resource.build_tams_api (local-exec):[0m [0m  Downloading greenlet-3.2.4-cp311-cp311-manylinux_2_24_x86_64.manylinux_2_28_x86_64.whl.metadata (4.1 kB)
[0m[1mnull_resource.build_tams_api (local-exec):[0m [0mCollecting google-auth<3.0dev,>=2.23.3 (from google-cloud-storage==2.13.0->-r requirements.txt (line 5))
[0m[1mnull_resource.build_tams_api (local-exec):[0m [0m  Downloading google_auth-2.41.1-py2.py3-none-any.whl.metadata (6.6 kB)
[0m[1mnull_resource.build_tams_api (local-exec):[0m [0mCollecting google-api-core!=2.0.*,!=2.1.*,!=2.2.*,!=2.3.0,<3.0.0dev,>=1.31.5 (from google-cloud-storage==2.13.0->-r requirements.txt (line 5))
[0m[1mnull_resource.build_tams_api (local-exec):[0m [0m  Downloading google_api_core-2.25.1-py3-none-any.whl.metadata (3.0 kB)
[0m[1mnull_resource.build_tams_api (local-exec):[0m [0mCollecting google-cloud-core<3.0dev,>=2.3.0 (from google-cloud-storage==2.13.0->-r requirements.txt (line 5))
[0m[1mnull_resource.build_tams_api (local-exec):[0m [0m  Downloading google_cloud_core-2.4.3-py2.py3-none-any.whl.metadata (2.7 kB)
[0m[1mnull_resource.build_tams_api (local-exec):[0m [0mCollecting google-resumable-media>=2.6.0 (from google-cloud-storage==2.13.0->-r requirements.txt (line 5))
[0m[1mnull_resource.build_tams_api (local-exec):[0m [0m  Downloading google_resumable_media-2.7.2-py2.py3-none-any.whl.metadata (2.2 kB)
[0m[1mnull_resource.build_tams_api (local-exec):[0m [0mCollecting requests<3.0.0dev,>=2.18.0 (from google-cloud-storage==2.13.0->-r requirements.txt (line 5))
[0m[1mnull_resource.build_tams_api (local-exec):[0m [0m  Downloading requests-2.32.5-py3-none-any.whl.metadata (4.9 kB)
[0m[1mnull_resource.build_tams_api (local-exec):[0m [0mCollecting google-crc32c<2.0dev,>=1.0 (from google-cloud-storage==2.13.0->-r requirements.txt (line 5))
[0m[1mnull_resource.build_tams_api (local-exec):[0m [0m  Downloading google_crc32c-1.7.1-cp311-cp311-manylinux_2_17_x86_64.manylinux2014_x86_64.whl.metadata (2.3 kB)
[0m[1mnull_resource.build_tams_api (local-exec):[0m [0mCollecting annotated-types>=0.4.0 (from pydantic==2.5.0->-r requirements.txt (line 6))
[0m[1mnull_resource.build_tams_api (local-exec):[0m [0m  Downloading annotated_types-0.7.0-py3-none-any.whl.metadata (15 kB)
[0m[1mnull_resource.build_tams_api (local-exec):[0m [0mCollecting pydantic-core==2.14.1 (from pydantic==2.5.0->-r requirements.txt (line 6))
[0m[1mnull_resource.build_tams_api (local-exec):[0m [0m  Downloading pydantic_core-2.14.1-cp311-cp311-manylinux_2_17_x86_64.manylinux2014_x86_64.whl.metadata (6.5 kB)
[0m[1mnull_resource.build_tams_api (local-exec):[0m [0mCollecting ecdsa!=0.15 (from python-jose==3.3.0->python-jose[cryptography]==3.3.0->-r requirements.txt (line 8))
[0m[1mnull_resource.build_tams_api (local-exec):[0m [0m  Downloading ecdsa-0.19.1-py2.py3-none-any.whl.metadata (29 kB)
[0m[1mnull_resource.build_tams_api (local-exec):[0m [0mCollecting rsa (from python-jose==3.3.0->python-jose[cryptography]==3.3.0->-r requirements.txt (line 8))
[0m[1mnull_resource.build_tams_api (local-exec):[0m [0m  Downloading rsa-4.9.1-py3-none-any.whl.metadata (5.6 kB)
[0m[1mnull_resource.build_tams_api (local-exec):[0m [0mCollecting pyasn1 (from python-jose==3.3.0->python-jose[cryptography]==3.3.0->-r requirements.txt (line 8))
[0m[1mnull_resource.build_tams_api (local-exec):[0m [0m  Downloading pyasn1-0.6.1-py3-none-any.whl.metadata (8.4 kB)
[0m[1mnull_resource.build_tams_api: Still creating... [00m50s elapsed][0m[0m
[0m[1mnull_resource.build_tams_frontend: Still creating... [00m50s elapsed][0m[0m
[0m[1mgoogle_sql_database_instance.tams_db: Still modifying... [id=tams-db-instance, 00m50s elapsed][0m[0m
[0m[1mnull_resource.build_tams_frontend (local-exec):[0m [0m----------------------------- REMOTE BUILD OUTPUT ------------------------------
[0m[1mnull_resource.build_tams_frontend (local-exec):[0m [0mstarting build "1c1a45d2-3884-4847-9d7e-012c88eca1c1"

[0m[1mnull_resource.build_tams_frontend (local-exec):[0m [0mFETCHSOURCE
[0m[1mnull_resource.build_tams_frontend (local-exec):[0m [0mFetching storage object: gs://smc-gcp-tams-testdrive_cloudbuild/source/1759349365.820164-d67b0c0625d64adf9f4f98474d3cba4f.tgz#1759349366403009
[0m[1mnull_resource.build_tams_frontend (local-exec):[0m [0mCopying gs://smc-gcp-tams-testdrive_cloudbuild/source/1759349365.820164-d67b0c0625d64adf9f4f98474d3cba4f.tgz#1759349366403009...
[0m[1mnull_resource.build_tams_frontend (local-exec):[0m [0m/ [0 files][    0.0 B/  6.6 KiB]
[0m[1mnull_resource.build_tams_frontend (local-exec):[0m [0m/ [1 files][  6.6 KiB/  6.6 KiB]
[0m[1mnull_resource.build_tams_frontend (local-exec):[0m [0mOperation completed over 1 objects/6.6 KiB.
[0m[1mnull_resource.build_tams_frontend (local-exec):[0m [0mBUILD
[0m[1mnull_resource.build_tams_frontend (local-exec):[0m [0mAlready have image (with digest): gcr.io/cloud-builders/gcb-internal
[0m[1mnull_resource.build_tams_frontend (local-exec):[0m [0mSending build context to Docker daemon  34.82kB
[0m[1mnull_resource.build_tams_frontend (local-exec):[0m [0mStep 1/17 : FROM golang:1.21-alpine AS builder
[0m[1mnull_resource.build_tams_frontend (local-exec):[0m [0m1.21-alpine: Pulling from library/golang
[0m[1mnull_resource.build_tams_frontend (local-exec):[0m [0mc6a83fedfae6: Pulling fs layer
[0m[1mnull_resource.build_tams_frontend (local-exec):[0m [0m41db7493d1c6: Pulling fs layer
[0m[1mnull_resource.build_tams_frontend (local-exec):[0m [0m54bf7053e2d9: Pulling fs layer
[0m[1mnull_resource.build_tams_frontend (local-exec):[0m [0m4579008f8500: Pulling fs layer
[0m[1mnull_resource.build_tams_frontend (local-exec):[0m [0m4f4fb700ef54: Pulling fs layer
[0m[1mnull_resource.build_tams_frontend (local-exec):[0m [0m4579008f8500: Waiting
[0m[1mnull_resource.build_tams_frontend (local-exec):[0m [0m4f4fb700ef54: Waiting
[0m[1mnull_resource.build_tams_frontend (local-exec):[0m [0m41db7493d1c6: Verifying Checksum
[0m[1mnull_resource.build_tams_frontend (local-exec):[0m [0m41db7493d1c6: Download complete
[0m[1mnull_resource.build_tams_frontend (local-exec):[0m [0mc6a83fedfae6: Verifying Checksum
[0m[1mnull_resource.build_tams_frontend (local-exec):[0m [0mc6a83fedfae6: Download complete
[0m[1mnull_resource.build_tams_frontend (local-exec):[0m [0m4f4fb700ef54: Verifying Checksum
[0m[1mnull_resource.build_tams_frontend (local-exec):[0m [0m4f4fb700ef54: Download complete
[0m[1mnull_resource.build_tams_frontend (local-exec):[0m [0m4579008f8500: Verifying Checksum
[0m[1mnull_resource.build_tams_frontend (local-exec):[0m [0m4579008f8500: Download complete
[0m[1mnull_resource.build_tams_frontend (local-exec):[0m [0mc6a83fedfae6: Pull complete
[0m[1mnull_resource.build_tams_frontend (local-exec):[0m [0m41db7493d1c6: Pull complete
[0m[1mnull_resource.build_tams_frontend (local-exec):[0m [0m54bf7053e2d9: Verifying Checksum
[0m[1mnull_resource.build_tams_frontend (local-exec):[0m [0m54bf7053e2d9: Download complete
[0m[1mnull_resource.build_tams_frontend (local-exec):[0m [0m54bf7053e2d9: Pull complete
[0m[1mnull_resource.build_tams_frontend (local-exec):[0m [0m4579008f8500: Pull complete
[0m[1mnull_resource.build_tams_frontend (local-exec):[0m [0m4f4fb700ef54: Pull complete
[0m[1mnull_resource.build_tams_frontend (local-exec):[0m [0mDigest: sha256:2414035b086e3c42b99654c8b26e6f5b1b1598080d65fd03c7f499552ff4dc94
[0m[1mnull_resource.build_tams_frontend (local-exec):[0m [0mStatus: Downloaded newer image for golang:1.21-alpine
[0m[1mnull_resource.build_tams_frontend (local-exec):[0m [0m ---> c2321c7cf721
[0m[1mnull_resource.build_tams_frontend (local-exec):[0m [0mStep 2/17 : WORKDIR /app
[0m[1mnull_resource.build_tams_frontend (local-exec):[0m [0m ---> Running in 4c26a39f891c
[0m[1mnull_resource.build_tams_frontend (local-exec):[0m [0mRemoving intermediate container 4c26a39f891c
[0m[1mnull_resource.build_tams_frontend (local-exec):[0m [0m ---> 696fd0d91eb1
[0m[1mnull_resource.build_tams_frontend (local-exec):[0m [0mStep 3/17 : COPY go.mod go.sum* ./
[0m[1mnull_resource.build_tams_frontend (local-exec):[0m [0m ---> cc07b3a0b105
[0m[1mnull_resource.build_tams_frontend (local-exec):[0m [0mStep 4/17 : RUN go mod download
[0m[1mnull_resource.build_tams_frontend (local-exec):[0m [0m ---> Running in f7836a71912a
[0m[1mnull_resource.build_tams_frontend (local-exec):[0m [0mRemoving intermediate container f7836a71912a
[0m[1mnull_resource.build_tams_frontend (local-exec):[0m [0m ---> fbb037602574
[0m[1mnull_resource.build_tams_frontend (local-exec):[0m [0mStep 5/17 : COPY . .
[0m[1mnull_resource.build_tams_frontend (local-exec):[0m [0m ---> 70003c52c0b8
[0m[1mnull_resource.build_tams_frontend (local-exec):[0m [0mStep 6/17 : RUN CGO_ENABLED=0 GOOS=linux go build -a -installsuffix cgo -o main .
[0m[1mnull_resource.build_tams_frontend (local-exec):[0m [0m ---> Running in 9ea83715211e
[0m[1mnull_resource.build_tams_frontend (local-exec):[0m [0mRemoving intermediate container 9ea83715211e
[0m[1mnull_resource.build_tams_frontend (local-exec):[0m [0m ---> 66b45e5922e9
[0m[1mnull_resource.build_tams_frontend (local-exec):[0m [0mStep 7/17 : FROM alpine:latest
[0m[1mnull_resource.build_tams_frontend (local-exec):[0m [0mlatest: Pulling from library/alpine
[0m[1mnull_resource.build_tams_frontend (local-exec):[0m [0mDigest: sha256:4bcff63911fcb4448bd4fdacec207030997caf25e9bea4045fa6c8c44de311d1
[0m[1mnull_resource.build_tams_frontend (local-exec):[0m [0mStatus: Downloaded newer image for alpine:latest
[0m[1mnull_resource.build_tams_frontend (local-exec):[0m [0m ---> 9234e8fb04c4
[0m[1mnull_resource.build_tams_frontend (local-exec):[0m [0mStep 8/17 : RUN apk --no-cache add ca-certificates
[0m[1mnull_resource.build_tams_frontend (local-exec):[0m [0m ---> Running in 419eb4bdb37e
[0m[1mnull_resource.build_tams_frontend (local-exec):[0m [0mfetch https://dl-cdn.alpinelinux.org/alpine/v3.22/main/x86_64/APKINDEX.tar.gz
[0m[1mnull_resource.build_tams_frontend (local-exec):[0m [0mfetch https://dl-cdn.alpinelinux.org/alpine/v3.22/community/x86_64/APKINDEX.tar.gz
[0m[1mnull_resource.build_tams_frontend (local-exec):[0m [0m(1/1) Installing ca-certificates (20250619-r0)
[0m[1mnull_resource.build_tams_frontend (local-exec):[0m [0mExecuting busybox-1.37.0-r18.trigger
[0m[1mnull_resource.build_tams_frontend (local-exec):[0m [0mExecuting ca-certificates-20250619-r0.trigger
[0m[1mnull_resource.build_tams_frontend (local-exec):[0m [0mOK: 8 MiB in 17 packages
[0m[1mnull_resource.build_tams_frontend (local-exec):[0m [0mRemoving intermediate container 419eb4bdb37e
[0m[1mnull_resource.build_tams_frontend (local-exec):[0m [0m ---> 8319436bd105
[0m[1mnull_resource.build_tams_frontend (local-exec):[0m [0mStep 9/17 : WORKDIR /app
[0m[1mnull_resource.build_tams_frontend (local-exec):[0m [0m ---> Running in c892d2d6cdae
[0m[1mnull_resource.build_tams_frontend (local-exec):[0m [0mRemoving intermediate container c892d2d6cdae
[0m[1mnull_resource.build_tams_frontend (local-exec):[0m [0m ---> 3deef39cf523
[0m[1mnull_resource.build_tams_frontend (local-exec):[0m [0mStep 10/17 : COPY --from=builder /app/main .
[0m[1mnull_resource.build_tams_frontend (local-exec):[0m [0m ---> 4c97a6a6e184
[0m[1mnull_resource.build_tams_frontend (local-exec):[0m [0mStep 11/17 : COPY templates/ ./templates/
[0m[1mnull_resource.build_tams_frontend (local-exec):[0m [0m ---> 831d9253e0db
[0m[1mnull_resource.build_tams_frontend (local-exec):[0m [0mStep 12/17 : COPY static/ ./static/
[0m[1mnull_resource.build_tams_frontend (local-exec):[0m [0m ---> 7fe1d3fb2b16
[0m[1mnull_resource.build_tams_frontend (local-exec):[0m [0mStep 13/17 : RUN adduser -D -u 1000 tams
[0m[1mnull_resource.build_tams_frontend (local-exec):[0m [0m ---> Running in 20928eb1c5e7
[0m[1mnull_resource.build_tams_frontend (local-exec):[0m [0mRemoving intermediate container 20928eb1c5e7
[0m[1mnull_resource.build_tams_frontend (local-exec):[0m [0m ---> 0f491b8a5876
[0m[1mnull_resource.build_tams_frontend (local-exec):[0m [0mStep 14/17 : USER tams
[0m[1mnull_resource.build_tams_frontend (local-exec):[0m [0m ---> Running in c64f6045b5be
[0m[1mnull_resource.build_tams_frontend (local-exec):[0m [0mRemoving intermediate container c64f6045b5be
[0m[1mnull_resource.build_tams_frontend (local-exec):[0m [0m ---> bde9ca90e60f
[0m[1mnull_resource.build_tams_frontend (local-exec):[0m [0mStep 15/17 : EXPOSE 8090
[0m[1mnull_resource.build_tams_frontend (local-exec):[0m [0m ---> Running in 2e422b1cbc9c
[0m[1mnull_resource.build_tams_frontend (local-exec):[0m [0mRemoving intermediate container 2e422b1cbc9c
[0m[1mnull_resource.build_tams_frontend (local-exec):[0m [0m ---> d5b3c2e48f67
[0m[1mnull_resource.build_tams_frontend (local-exec):[0m [0mStep 16/17 : HEALTHCHECK --interval=30s --timeout=10s --start-period=5s --retries=3     CMD wget --no-verbose --tries=1 --spider http://localhost:8090/health || exit 1
[0m[1mnull_resource.build_tams_frontend (local-exec):[0m [0m ---> Running in a0cbcc248ef1
[0m[1mnull_resource.build_tams_frontend (local-exec):[0m [0mRemoving intermediate container a0cbcc248ef1
[0m[1mnull_resource.build_tams_frontend (local-exec):[0m [0m ---> c7d957f69221
[0m[1mnull_resource.build_tams_frontend (local-exec):[0m [0mStep 17/17 : CMD ["./main"]
[0m[1mnull_resource.build_tams_frontend (local-exec):[0m [0m ---> Running in c94426d996f2
[0m[1mnull_resource.build_tams_frontend (local-exec):[0m [0mRemoving intermediate container c94426d996f2
[0m[1mnull_resource.build_tams_frontend (local-exec):[0m [0m ---> 462735cf67a7
[0m[1mnull_resource.build_tams_frontend (local-exec):[0m [0mSuccessfully built 462735cf67a7
[0m[1mnull_resource.build_tams_frontend (local-exec):[0m [0mSuccessfully tagged us-central1-docker.pkg.dev/smc-gcp-tams-testdrive/tams/tams-frontend:latest
[0m[1mnull_resource.build_tams_frontend (local-exec):[0m [0mPUSH
[0m[1mnull_resource.build_tams_frontend (local-exec):[0m [0mPushing us-central1-docker.pkg.dev/smc-gcp-tams-testdrive/tams/tams-frontend:latest
[0m[1mnull_resource.build_tams_frontend (local-exec):[0m [0mThe push refers to repository [us-central1-docker.pkg.dev/smc-gcp-tams-testdrive/tams/tams-frontend]
[0m[1mnull_resource.build_tams_frontend (local-exec):[0m [0mef717303b07e: Preparing
[0m[1mnull_resource.build_tams_frontend (local-exec):[0m [0m9f20424bf5bd: Preparing
[0m[1mnull_resource.build_tams_frontend (local-exec):[0m [0mad1298b8bcdf: Preparing
[0m[1mnull_resource.build_tams_frontend (local-exec):[0m [0me71c27852365: Preparing
[0m[1mnull_resource.build_tams_frontend (local-exec):[0m [0m2eef2e06fdd4: Preparing
[0m[1mnull_resource.build_tams_frontend (local-exec):[0m [0m9da7ddda6d57: Preparing
[0m[1mnull_resource.build_tams_frontend (local-exec):[0m [0m418dccb7d85a: Preparing
[0m[1mnull_resource.build_tams_frontend (local-exec):[0m [0m9da7ddda6d57: Waiting
[0m[1mnull_resource.build_tams_frontend (local-exec):[0m [0m418dccb7d85a: Waiting
[0m[1mnull_resource.build_tams_frontend (local-exec):[0m [0m2eef2e06fdd4: Pushed
[0m[1mnull_resource.build_tams_frontend (local-exec):[0m [0mef717303b07e: Pushed
[0m[1mnull_resource.build_tams_frontend (local-exec):[0m [0mad1298b8bcdf: Pushed
[0m[1mnull_resource.build_tams_frontend (local-exec):[0m [0m9f20424bf5bd: Pushed
[0m[1mnull_resource.build_tams_frontend (local-exec):[0m [0m418dccb7d85a: Layer already exists
[0m[1mnull_resource.build_tams_frontend (local-exec):[0m [0m9da7ddda6d57: Pushed
[0m[1mnull_resource.build_tams_frontend (local-exec):[0m [0me71c27852365: Pushed
[0m[1mnull_resource.build_tams_frontend (local-exec):[0m [0mlatest: digest: sha256:02b4a1b127979f2f60fbfbd8fdd68506553756e6e0d4efddc7e005ad6233141d size: 1778
[0m[1mnull_resource.build_tams_frontend (local-exec):[0m [0mDONE
[0m[1mnull_resource.build_tams_frontend (local-exec):[0m [0m--------------------------------------------------------------------------------
[0m[1mnull_resource.build_tams_frontend (local-exec):[0m [0mID                                    CREATE_TIME                DURATION  SOURCE                                                                                                IMAGES                                                                          STATUS
[0m[1mnull_resource.build_tams_frontend (local-exec):[0m [0m1c1a45d2-3884-4847-9d7e-012c88eca1c1  2025-10-01T20:09:26+00:00  52S       gs://smc-gcp-tams-testdrive_cloudbuild/source/1759349365.820164-d67b0c0625d64adf9f4f98474d3cba4f.tgz  us-central1-docker.pkg.dev/smc-gcp-tams-testdrive/tams/tams-frontend (+1 more)  SUCCESS
[0m[1mnull_resource.build_tams_frontend: Creation complete after 58s [id=6101869711658498368][0m
[0m[1mnull_resource.build_tams_api: Still creating... [01m00s elapsed][0m[0m
[0m[1mgoogle_sql_database_instance.tams_db: Still modifying... [id=tams-db-instance, 01m00s elapsed][0m[0m
[0m[1mnull_resource.build_tams_api: Still creating... [01m10s elapsed][0m[0m
[0m[1mgoogle_sql_database_instance.tams_db: Still modifying... [id=tams-db-instance, 01m10s elapsed][0m[0m
[0m[1mnull_resource.build_tams_api: Still creating... [01m20s elapsed][0m[0m
[0m[1mgoogle_sql_database_instance.tams_db: Still modifying... [id=tams-db-instance, 01m20s elapsed][0m[0m
[0m[1mgoogle_sql_database_instance.tams_db: Modifications complete after 1m23s [id=tams-db-instance][0m
[0m[1mnull_resource.build_tams_api: Still creating... [01m30s elapsed][0m[0m
[0m[1mnull_resource.build_tams_api (local-exec):[0m [0mCollecting cryptography>=3.4.0 (from python-jose[cryptography]==3.3.0->-r requirements.txt (line 8))
[0m[1mnull_resource.build_tams_api (local-exec):[0m [0m  Downloading cryptography-46.0.2-cp311-abi3-manylinux_2_34_x86_64.whl.metadata (5.7 kB)
[0m[1mnull_resource.build_tams_api (local-exec):[0m [0mCollecting httptools>=0.5.0 (from uvicorn[standard]==0.24.0->-r requirements.txt (line 2))
[0m[1mnull_resource.build_tams_api (local-exec):[0m [0m  Downloading httptools-0.6.4-cp311-cp311-manylinux_2_5_x86_64.manylinux1_x86_64.manylinux_2_17_x86_64.manylinux2014_x86_64.whl.metadata (3.6 kB)
[0m[1mnull_resource.build_tams_api (local-exec):[0m [0mCollecting python-dotenv>=0.13 (from uvicorn[standard]==0.24.0->-r requirements.txt (line 2))
[0m[1mnull_resource.build_tams_api (local-exec):[0m [0m  Downloading python_dotenv-1.1.1-py3-none-any.whl.metadata (24 kB)
[0m[1mnull_resource.build_tams_api (local-exec):[0m [0mCollecting pyyaml>=5.1 (from uvicorn[standard]==0.24.0->-r requirements.txt (line 2))
[0m[1mnull_resource.build_tams_api (local-exec):[0m [0m  Downloading pyyaml-6.0.3-cp311-cp311-manylinux2014_x86_64.manylinux_2_17_x86_64.manylinux_2_28_x86_64.whl.metadata (2.4 kB)
[0m[1mnull_resource.build_tams_api (local-exec):[0m [0mCollecting uvloop!=0.15.0,!=0.15.1,>=0.14.0 (from uvicorn[standard]==0.24.0->-r requirements.txt (line 2))
[0m[1mnull_resource.build_tams_api (local-exec):[0m [0m  Downloading uvloop-0.21.0-cp311-cp311-manylinux_2_17_x86_64.manylinux2014_x86_64.whl.metadata (4.9 kB)
[0m[1mnull_resource.build_tams_api (local-exec):[0m [0mCollecting watchfiles>=0.13 (from uvicorn[standard]==0.24.0->-r requirements.txt (line 2))
[0m[1mnull_resource.build_tams_api (local-exec):[0m [0m  Downloading watchfiles-1.1.0-cp311-cp311-manylinux_2_17_x86_64.manylinux2014_x86_64.whl.metadata (4.9 kB)
[0m[1mnull_resource.build_tams_api (local-exec):[0m [0mCollecting websockets>=10.4 (from uvicorn[standard]==0.24.0->-r requirements.txt (line 2))
[0m[1mnull_resource.build_tams_api (local-exec):[0m [0m  Downloading websockets-15.0.1-cp311-cp311-manylinux_2_5_x86_64.manylinux1_x86_64.manylinux_2_17_x86_64.manylinux2014_x86_64.whl.metadata (6.8 kB)
[0m[1mnull_resource.build_tams_api (local-exec):[0m [0mCollecting idna>=2.8 (from anyio<4.0.0,>=3.7.1->fastapi==0.104.1->-r requirements.txt (line 1))
[0m[1mnull_resource.build_tams_api (local-exec):[0m [0m  Downloading idna-3.10-py3-none-any.whl.metadata (10 kB)
[0m[1mnull_resource.build_tams_api (local-exec):[0m [0mCollecting sniffio>=1.1 (from anyio<4.0.0,>=3.7.1->fastapi==0.104.1->-r requirements.txt (line 1))
[0m[1mnull_resource.build_tams_api (local-exec):[0m [0m  Downloading sniffio-1.3.1-py3-none-any.whl.metadata (3.9 kB)
[0m[1mnull_resource.build_tams_api (local-exec):[0m [0mCollecting cffi>=2.0.0 (from cryptography>=3.4.0->python-jose[cryptography]==3.3.0->-r requirements.txt (line 8))
[0m[1mnull_resource.build_tams_api (local-exec):[0m [0m  Downloading cffi-2.0.0-cp311-cp311-manylinux2014_x86_64.manylinux_2_17_x86_64.whl.metadata (2.6 kB)
[0m[1mnull_resource.build_tams_api (local-exec):[0m [0mCollecting six>=1.9.0 (from ecdsa!=0.15->python-jose==3.3.0->python-jose[cryptography]==3.3.0->-r requirements.txt (line 8))
[0m[1mnull_resource.build_tams_api (local-exec):[0m [0m  Downloading six-1.17.0-py2.py3-none-any.whl.metadata (1.7 kB)
[0m[1mnull_resource.build_tams_api (local-exec):[0m [0mCollecting googleapis-common-protos<2.0.0,>=1.56.2 (from google-api-core!=2.0.*,!=2.1.*,!=2.2.*,!=2.3.0,<3.0.0dev,>=1.31.5->google-cloud-storage==2.13.0->-r requirements.txt (line 5))
[0m[1mnull_resource.build_tams_api (local-exec):[0m [0m  Downloading googleapis_common_protos-1.70.0-py3-none-any.whl.metadata (9.3 kB)
[0m[1mnull_resource.build_tams_api (local-exec):[0m [0mCollecting protobuf!=3.20.0,!=3.20.1,!=4.21.0,!=4.21.1,!=4.21.2,!=4.21.3,!=4.21.4,!=4.21.5,<7.0.0,>=3.19.5 (from google-api-core!=2.0.*,!=2.1.*,!=2.2.*,!=2.3.0,<3.0.0dev,>=1.31.5->google-cloud-storage==2.13.0->-r requirements.txt (line 5))
[0m[1mnull_resource.build_tams_api (local-exec):[0m [0m  Downloading protobuf-6.32.1-cp39-abi3-manylinux2014_x86_64.whl.metadata (593 bytes)
[0m[1mnull_resource.build_tams_api (local-exec):[0m [0mCollecting proto-plus<2.0.0,>=1.22.3 (from google-api-core!=2.0.*,!=2.1.*,!=2.2.*,!=2.3.0,<3.0.0dev,>=1.31.5->google-cloud-storage==2.13.0->-r requirements.txt (line 5))
[0m[1mnull_resource.build_tams_api (local-exec):[0m [0m  Downloading proto_plus-1.26.1-py3-none-any.whl.metadata (2.2 kB)
[0m[1mnull_resource.build_tams_api (local-exec):[0m [0mCollecting cachetools<7.0,>=2.0.0 (from google-auth<3.0dev,>=2.23.3->google-cloud-storage==2.13.0->-r requirements.txt (line 5))
[0m[1mnull_resource.build_tams_api (local-exec):[0m [0m  Downloading cachetools-6.2.0-py3-none-any.whl.metadata (5.4 kB)
[0m[1mnull_resource.build_tams_api (local-exec):[0m [0mCollecting pyasn1-modules>=0.2.1 (from google-auth<3.0dev,>=2.23.3->google-cloud-storage==2.13.0->-r requirements.txt (line 5))
[0m[1mnull_resource.build_tams_api (local-exec):[0m [0m  Downloading pyasn1_modules-0.4.2-py3-none-any.whl.metadata (3.5 kB)
[0m[1mnull_resource.build_tams_api (local-exec):[0m [0mCollecting charset_normalizer<4,>=2 (from requests<3.0.0dev,>=2.18.0->google-cloud-storage==2.13.0->-r requirements.txt (line 5))
[0m[1mnull_resource.build_tams_api (local-exec):[0m [0m  Downloading charset_normalizer-3.4.3-cp311-cp311-manylinux2014_x86_64.manylinux_2_17_x86_64.manylinux_2_28_x86_64.whl.metadata (36 kB)
[0m[1mnull_resource.build_tams_api (local-exec):[0m [0mCollecting urllib3<3,>=1.21.1 (from requests<3.0.0dev,>=2.18.0->google-cloud-storage==2.13.0->-r requirements.txt (line 5))
[0m[1mnull_resource.build_tams_api (local-exec):[0m [0m  Downloading urllib3-2.5.0-py3-none-any.whl.metadata (6.5 kB)
[0m[1mnull_resource.build_tams_api (local-exec):[0m [0mCollecting certifi>=2017.4.17 (from requests<3.0.0dev,>=2.18.0->google-cloud-storage==2.13.0->-r requirements.txt (line 5))
[0m[1mnull_resource.build_tams_api (local-exec):[0m [0m  Downloading certifi-2025.8.3-py3-none-any.whl.metadata (2.4 kB)
[0m[1mnull_resource.build_tams_api (local-exec):[0m [0mCollecting pycparser (from cffi>=2.0.0->cryptography>=3.4.0->python-jose[cryptography]==3.3.0->-r requirements.txt (line 8))
[0m[1mnull_resource.build_tams_api (local-exec):[0m [0m  Downloading pycparser-2.23-py3-none-any.whl.metadata (993 bytes)
[0m[1mnull_resource.build_tams_api (local-exec):[0m [0mDownloading fastapi-0.104.1-py3-none-any.whl (92 kB)
[0m[1mnull_resource.build_tams_api (local-exec):[0m [0m   ━━━━━━━━━━━━━━━━━━━━━━━━━━━━━━━━━━━━━━━━ 92.9/92.9 kB 236.4 MB/s eta 0:00:00
[0m[1mnull_resource.build_tams_api (local-exec):[0m [0mDownloading uvicorn-0.24.0-py3-none-any.whl (59 kB)
[0m[1mnull_resource.build_tams_api (local-exec):[0m [0m   ━━━━━━━━━━━━━━━━━━━━━━━━━━━━━━━━━━━━━━━━ 59.6/59.6 kB 199.7 MB/s eta 0:00:00
[0m[1mnull_resource.build_tams_api (local-exec):[0m [0mDownloading psycopg2_binary-2.9.9-cp311-cp311-manylinux_2_17_x86_64.manylinux2014_x86_64.whl (3.0 MB)
[0m[1mnull_resource.build_tams_api (local-exec):[0m [0m   ━━━━━━━━━━━━━━━━━━━━━━━━━━━━━━━━━━━━━━━━ 3.0/3.0 MB 57.8 MB/s eta 0:00:00
[0m[1mnull_resource.build_tams_api (local-exec):[0m [0mDownloading SQLAlchemy-2.0.23-cp311-cp311-manylinux_2_17_x86_64.manylinux2014_x86_64.whl (3.2 MB)
[0m[1mnull_resource.build_tams_api (local-exec):[0m [0m   ━━━━━━━━━━━━━━━━━━━━━━━━━━━━━━━━━━━━━━━━ 3.2/3.2 MB 130.4 MB/s eta 0:00:00
[0m[1mnull_resource.build_tams_api (local-exec):[0m [0mDownloading google_cloud_storage-2.13.0-py2.py3-none-any.whl (121 kB)
[0m[1mnull_resource.build_tams_api (local-exec):[0m [0m   ━━━━━━━━━━━━━━━━━━━━━━━━━━━━━━━━━━━━━━━ 121.1/121.1 kB 229.7 MB/s eta 0:00:00
[0m[1mnull_resource.build_tams_api (local-exec):[0m [0mDownloading pydantic-2.5.0-py3-none-any.whl (407 kB)
[0m[1mnull_resource.build_tams_api (local-exec):[0m [0m   ━━━━━━━━━━━━━━━━━━━━━━━━━━━━━━━━━━━━━━━ 407.5/407.5 kB 239.4 MB/s eta 0:00:00
[0m[1mnull_resource.build_tams_api (local-exec):[0m [0mDownloading python_multipart-0.0.6-py3-none-any.whl (45 kB)
[0m[1mnull_resource.build_tams_api (local-exec):[0m [0m   ━━━━━━━━━━━━━━━━━━━━━━━━━━━━━━━━━━━━━━━━ 45.7/45.7 kB 172.0 MB/s eta 0:00:00
[0m[1mnull_resource.build_tams_api (local-exec):[0m [0mDownloading python_jose-3.3.0-py2.py3-none-any.whl (33 kB)
[0m[1mnull_resource.build_tams_api (local-exec):[0m [0mDownloading pydantic_core-2.14.1-cp311-cp311-manylinux_2_17_x86_64.manylinux2014_x86_64.whl (2.1 MB)
[0m[1mnull_resource.build_tams_api (local-exec):[0m [0m   ━━━━━━━━━━━━━━━━━━━━━━━━━━━━━━━━━━━━━━━━ 2.1/2.1 MB 127.0 MB/s eta 0:00:00
[0m[1mnull_resource.build_tams_api (local-exec):[0m [0mDownloading annotated_types-0.7.0-py3-none-any.whl (13 kB)
[0m[1mnull_resource.build_tams_api (local-exec):[0m [0mDownloading anyio-3.7.1-py3-none-any.whl (80 kB)
[0m[1mnull_resource.build_tams_api (local-exec):[0m [0m   ━━━━━━━━━━━━━━━━━━━━━━━━━━━━━━━━━━━━━━━━ 80.9/80.9 kB 224.4 MB/s eta 0:00:00
[0m[1mnull_resource.build_tams_api (local-exec):[0m [0mDownloading click-8.3.0-py3-none-any.whl (107 kB)
[0m[1mnull_resource.build_tams_api (local-exec):[0m [0m   ━━━━━━━━━━━━━━━━━━━━━━━━━━━━━━━━━━━━━━━ 107.3/107.3 kB 172.9 MB/s eta 0:00:00
[0m[1mnull_resource.build_tams_api (local-exec):[0m [0mDownloading cryptography-46.0.2-cp311-abi3-manylinux_2_34_x86_64.whl (4.5 MB)
[0m[1mnull_resource.build_tams_api (local-exec):[0m [0m   ━━━━━━━━━━━━━━━━━━━━━━━━━━━━━━━━━━━━━━━━ 4.5/4.5 MB 206.8 MB/s eta 0:00:00
[0m[1mnull_resource.build_tams_api (local-exec):[0m [0mDownloading ecdsa-0.19.1-py2.py3-none-any.whl (150 kB)
[0m[1mnull_resource.build_tams_api (local-exec):[0m [0m   ━━━━━━━━━━━━━━━━━━━━━━━━━━━━━━━━━━━━━━━ 150.6/150.6 kB 254.8 MB/s eta 0:00:00
[0m[1mnull_resource.build_tams_api (local-exec):[0m [0mDownloading google_api_core-2.25.1-py3-none-any.whl (160 kB)
[0m[1mnull_resource.build_tams_api (local-exec):[0m [0m   ━━━━━━━━━━━━━━━━━━━━━━━━━━━━━━━━━━━━━━━ 160.8/160.8 kB 255.6 MB/s eta 0:00:00
[0m[1mnull_resource.build_tams_api (local-exec):[0m [0mDownloading google_auth-2.41.1-py2.py3-none-any.whl (221 kB)
[0m[1mnull_resource.build_tams_api (local-exec):[0m [0m   ━━━━━━━━━━━━━━━━━━━━━━━━━━━━━━━━━━━━━━━ 221.3/221.3 kB 263.6 MB/s eta 0:00:00
[0m[1mnull_resource.build_tams_api (local-exec):[0m [0mDownloading google_cloud_core-2.4.3-py2.py3-none-any.whl (29 kB)
[0m[1mnull_resource.build_tams_api (local-exec):[0m [0mDownloading google_crc32c-1.7.1-cp311-cp311-manylinux_2_17_x86_64.manylinux2014_x86_64.whl (32 kB)
[0m[1mnull_resource.build_tams_api (local-exec):[0m [0mDownloading google_resumable_media-2.7.2-py2.py3-none-any.whl (81 kB)
[0m[1mnull_resource.build_tams_api (local-exec):[0m [0m   ━━━━━━━━━━━━━━━━━━━━━━━━━━━━━━━━━━━━━━━━ 81.3/81.3 kB 215.8 MB/s eta 0:00:00
[0m[1mnull_resource.build_tams_api (local-exec):[0m [0mDownloading greenlet-3.2.4-cp311-cp311-manylinux_2_24_x86_64.manylinux_2_28_x86_64.whl (587 kB)
[0m[1mnull_resource.build_tams_api (local-exec):[0m [0m   ━━━━━━━━━━━━━━━━━━━━━━━━━━━━━━━━━━━━━━━ 587.7/587.7 kB 277.8 MB/s eta 0:00:00
[0m[1mnull_resource.build_tams_api (local-exec):[0m [0mDownloading h11-0.16.0-py3-none-any.whl (37 kB)
[0m[1mnull_resource.build_tams_api (local-exec):[0m [0mDownloading httptools-0.6.4-cp311-cp311-manylinux_2_5_x86_64.manylinux1_x86_64.manylinux_2_17_x86_64.manylinux2014_x86_64.whl (459 kB)
[0m[1mnull_resource.build_tams_api (local-exec):[0m [0m   ━━━━━━━━━━━━━━━━━━━━━━━━━━━━━━━━━━━━━━━ 459.8/459.8 kB 161.6 MB/s eta 0:00:00
[0m[1mnull_resource.build_tams_api (local-exec):[0m [0mDownloading python_dotenv-1.1.1-py3-none-any.whl (20 kB)
[0m[1mnull_resource.build_tams_api (local-exec):[0m [0mDownloading pyyaml-6.0.3-cp311-cp311-manylinux2014_x86_64.manylinux_2_17_x86_64.manylinux_2_28_x86_64.whl (806 kB)
[0m[1mnull_resource.build_tams_api (local-exec):[0m [0m   ━━━━━━━━━━━━━━━━━━━━━━━━━━━━━━━━━━━━━━━ 806.6/806.6 kB 126.7 MB/s eta 0:00:00
[0m[1mnull_resource.build_tams_api (local-exec):[0m [0mDownloading requests-2.32.5-py3-none-any.whl (64 kB)
[0m[1mnull_resource.build_tams_api (local-exec):[0m [0m   ━━━━━━━━━━━━━━━━━━━━━━━━━━━━━━━━━━━━━━━━ 64.7/64.7 kB 229.6 MB/s eta 0:00:00
[0m[1mnull_resource.build_tams_api (local-exec):[0m [0mDownloading rsa-4.9.1-py3-none-any.whl (34 kB)
[0m[1mnull_resource.build_tams_api (local-exec):[0m [0mDownloading pyasn1-0.6.1-py3-none-any.whl (83 kB)
[0m[1mnull_resource.build_tams_api (local-exec):[0m [0m   ━━━━━━━━━━━━━━━━━━━━━━━━━━━━━━━━━━━━━━━━ 83.1/83.1 kB 232.3 MB/s eta 0:00:00
[0m[1mnull_resource.build_tams_api (local-exec):[0m [0mDownloading starlette-0.27.0-py3-none-any.whl (66 kB)
[0m[1mnull_resource.build_tams_api (local-exec):[0m [0m   ━━━━━━━━━━━━━━━━━━━━━━━━━━━━━━━━━━━━━━━━ 67.0/67.0 kB 169.0 MB/s eta 0:00:00
[0m[1mnull_resource.build_tams_api (local-exec):[0m [0mDownloading typing_extensions-4.15.0-py3-none-any.whl (44 kB)
[0m[1mnull_resource.build_tams_api (local-exec):[0m [0m   ━━━━━━━━━━━━━━━━━━━━━━━━━━━━━━━━━━━━━━━━ 44.6/44.6 kB 183.8 MB/s eta 0:00:00
[0m[1mnull_resource.build_tams_api (local-exec):[0m [0mDownloading uvloop-0.21.0-cp311-cp311-manylinux_2_17_x86_64.manylinux2014_x86_64.whl (4.0 MB)
[0m[1mnull_resource.build_tams_api (local-exec):[0m [0m   ━━━━━━━━━━━━━━━━━━━━━━━━━━━━━━━━━━━━━━━━ 4.0/4.0 MB 202.8 MB/s eta 0:00:00
[0m[1mnull_resource.build_tams_api (local-exec):[0m [0mDownloading watchfiles-1.1.0-cp311-cp311-manylinux_2_17_x86_64.manylinux2014_x86_64.whl (453 kB)
[0m[1mnull_resource.build_tams_api (local-exec):[0m [0m   ━━━━━━━━━━━━━━━━━━━━━━━━━━━━━━━━━━━━━━━ 453.1/453.1 kB 256.1 MB/s eta 0:00:00
[0m[1mnull_resource.build_tams_api (local-exec):[0m [0mDownloading websockets-15.0.1-cp311-cp311-manylinux_2_5_x86_64.manylinux1_x86_64.manylinux_2_17_x86_64.manylinux2014_x86_64.whl (182 kB)
[0m[1mnull_resource.build_tams_api (local-exec):[0m [0m   ━━━━━━━━━━━━━━━━━━━━━━━━━━━━━━━━━━━━━━━ 182.3/182.3 kB 258.7 MB/s eta 0:00:00
[0m[1mnull_resource.build_tams_api (local-exec):[0m [0mDownloading cachetools-6.2.0-py3-none-any.whl (11 kB)
[0m[1mnull_resource.build_tams_api (local-exec):[0m [0mDownloading certifi-2025.8.3-py3-none-any.whl (161 kB)
[0m[1mnull_resource.build_tams_api (local-exec):[0m [0m   ━━━━━━━━━━━━━━━━━━━━━━━━━━━━━━━━━━━━━━━ 161.2/161.2 kB 259.1 MB/s eta 0:00:00
[0m[1mnull_resource.build_tams_api (local-exec):[0m [0mDownloading cffi-2.0.0-cp311-cp311-manylinux2014_x86_64.manylinux_2_17_x86_64.whl (215 kB)
[0m[1mnull_resource.build_tams_api (local-exec):[0m [0m   ━━━━━━━━━━━━━━━━━━━━━━━━━━━━━━━━━━━━━━━ 215.6/215.6 kB 245.3 MB/s eta 0:00:00
[0m[1mnull_resource.build_tams_api (local-exec):[0m [0mDownloading charset_normalizer-3.4.3-cp311-cp311-manylinux2014_x86_64.manylinux_2_17_x86_64.manylinux_2_28_x86_64.whl (150 kB)
[0m[1mnull_resource.build_tams_api (local-exec):[0m [0m   ━━━━━━━━━━━━━━━━━━━━━━━━━━━━━━━━━━━━━━━ 150.3/150.3 kB 251.2 MB/s eta 0:00:00
[0m[1mnull_resource.build_tams_api (local-exec):[0m [0mDownloading googleapis_common_protos-1.70.0-py3-none-any.whl (294 kB)
[0m[1mnull_resource.build_tams_api (local-exec):[0m [0m   ━━━━━━━━━━━━━━━━━━━━━━━━━━━━━━━━━━━━━━━ 294.5/294.5 kB 272.2 MB/s eta 0:00:00
[0m[1mnull_resource.build_tams_api (local-exec):[0m [0mDownloading idna-3.10-py3-none-any.whl (70 kB)
[0m[1mnull_resource.build_tams_api (local-exec):[0m [0m   ━━━━━━━━━━━━━━━━━━━━━━━━━━━━━━━━━━━━━━━━ 70.4/70.4 kB 231.9 MB/s eta 0:00:00
[0m[1mnull_resource.build_tams_api (local-exec):[0m [0mDownloading proto_plus-1.26.1-py3-none-any.whl (50 kB)
[0m[1mnull_resource.build_tams_api (local-exec):[0m [0m   ━━━━━━━━━━━━━━━━━━━━━━━━━━━━━━━━━━━━━━━━ 50.2/50.2 kB 149.6 MB/s eta 0:00:00
[0m[1mnull_resource.build_tams_api (local-exec):[0m [0mDownloading protobuf-6.32.1-cp39-abi3-manylinux2014_x86_64.whl (322 kB)
[0m[1mnull_resource.build_tams_api (local-exec):[0m [0m   ━━━━━━━━━━━━━━━━━━━━━━━━━━━━━━━━━━━━━━━ 322.0/322.0 kB 243.1 MB/s eta 0:00:00
[0m[1mnull_resource.build_tams_api (local-exec):[0m [0mDownloading pyasn1_modules-0.4.2-py3-none-any.whl (181 kB)
[0m[1mnull_resource.build_tams_api (local-exec):[0m [0m   ━━━━━━━━━━━━━━━━━━━━━━━━━━━━━━━━━━━━━━━ 181.3/181.3 kB 216.5 MB/s eta 0:00:00
[0m[1mnull_resource.build_tams_api (local-exec):[0m [0mDownloading six-1.17.0-py2.py3-none-any.whl (11 kB)
[0m[1mnull_resource.build_tams_api (local-exec):[0m [0mDownloading sniffio-1.3.1-py3-none-any.whl (10 kB)
[0m[1mnull_resource.build_tams_api (local-exec):[0m [0mDownloading urllib3-2.5.0-py3-none-any.whl (129 kB)
[0m[1mnull_resource.build_tams_api (local-exec):[0m [0m   ━━━━━━━━━━━━━━━━━━━━━━━━━━━━━━━━━━━━━━━ 129.8/129.8 kB 260.3 MB/s eta 0:00:00
[0m[1mnull_resource.build_tams_api (local-exec):[0m [0mDownloading pycparser-2.23-py3-none-any.whl (118 kB)
[0m[1mnull_resource.build_tams_api (local-exec):[0m [0m   ━━━━━━━━━━━━━━━━━━━━━━━━━━━━━━━━━━━━━━━ 118.1/118.1 kB 241.4 MB/s eta 0:00:00
[0m[1mnull_resource.build_tams_api (local-exec):[0m [0mInstalling collected packages: websockets, uvloop, urllib3, typing-extensions, sniffio, six, pyyaml, python-multipart, python-dotenv, pycparser, pyasn1, psycopg2-binary, protobuf, idna, httptools, h11, greenlet, google-crc32c, click, charset_normalizer, certifi, cachetools, annotated-types, uvicorn, sqlalchemy, rsa, requests, pydantic-core, pyasn1-modules, proto-plus, googleapis-common-protos, google-resumable-media, ecdsa, cffi, anyio, watchfiles, starlette, python-jose, pydantic, google-auth, cryptography, google-api-core, fastapi, google-cloud-core, google-cloud-storage
[0m[1mnull_resource.build_tams_api (local-exec):[0m [0mSuccessfully installed annotated-types-0.7.0 anyio-3.7.1 cachetools-6.2.0 certifi-2025.8.3 cffi-2.0.0 charset_normalizer-3.4.3 click-8.3.0 cryptography-46.0.2 ecdsa-0.19.1 fastapi-0.104.1 google-api-core-2.25.1 google-auth-2.41.1 google-cloud-core-2.4.3 google-cloud-storage-2.13.0 google-crc32c-1.7.1 google-resumable-media-2.7.2 googleapis-common-protos-1.70.0 greenlet-3.2.4 h11-0.16.0 httptools-0.6.4 idna-3.10 proto-plus-1.26.1 protobuf-6.32.1 psycopg2-binary-2.9.9 pyasn1-0.6.1 pyasn1-modules-0.4.2 pycparser-2.23 pydantic-2.5.0 pydantic-core-2.14.1 python-dotenv-1.1.1 python-jose-3.3.0 python-multipart-0.0.6 pyyaml-6.0.3 requests-2.32.5 rsa-4.9.1 six-1.17.0 sniffio-1.3.1 sqlalchemy-2.0.23 starlette-0.27.0 typing-extensions-4.15.0 urllib3-2.5.0 uvicorn-0.24.0 uvloop-0.21.0 watchfiles-1.1.0 websockets-15.0.1
[0m[1mnull_resource.build_tams_api (local-exec):[0m [0m[91mWARNING: Running pip as the 'root' user can result in broken permissions and conflicting behaviour with the system package manager. It is recommended to use a virtual environment instead: https://pip.pypa.io/warnings/venv
[0m[1mnull_resource.build_tams_api (local-exec):[0m [0m[0m[91m
[0m[1mnull_resource.build_tams_api (local-exec):[0m [0m[notice] A new release of pip is available: 24.0 -> 25.2
[0m[1mnull_resource.build_tams_api (local-exec):[0m [0m[notice] To update, run: pip install --upgrade pip
[0m[1mnull_resource.build_tams_api (local-exec):[0m [0m[0mRemoving intermediate container bcafd4603157
[0m[1mnull_resource.build_tams_api (local-exec):[0m [0m ---> a3a1e2d3d48d
[0m[1mnull_resource.build_tams_api (local-exec):[0m [0mStep 6/11 : COPY app/ ./app/
[0m[1mnull_resource.build_tams_api (local-exec):[0m [0m ---> 21da63d9aaba
[0m[1mnull_resource.build_tams_api (local-exec):[0m [0mStep 7/11 : RUN useradd -m -u 1000 tams && chown -R tams:tams /app
[0m[1mnull_resource.build_tams_api (local-exec):[0m [0m ---> Running in 89d289ca3069
[0m[1mnull_resource.build_tams_api (local-exec):[0m [0mRemoving intermediate container 89d289ca3069
[0m[1mnull_resource.build_tams_api (local-exec):[0m [0m ---> bfdebc640468
[0m[1mnull_resource.build_tams_api (local-exec):[0m [0mStep 8/11 : USER tams
[0m[1mnull_resource.build_tams_api (local-exec):[0m [0m ---> Running in 0fb65d85e232
[0m[1mnull_resource.build_tams_api (local-exec):[0m [0mRemoving intermediate container 0fb65d85e232
[0m[1mnull_resource.build_tams_api (local-exec):[0m [0m ---> d4997f28fae4
[0m[1mnull_resource.build_tams_api (local-exec):[0m [0mStep 9/11 : EXPOSE 8080
[0m[1mnull_resource.build_tams_api (local-exec):[0m [0m ---> Running in ae7ab840629d
[0m[1mnull_resource.build_tams_api (local-exec):[0m [0mRemoving intermediate container ae7ab840629d
[0m[1mnull_resource.build_tams_api (local-exec):[0m [0m ---> 61359bf65403
[0m[1mnull_resource.build_tams_api (local-exec):[0m [0mStep 10/11 : HEALTHCHECK --interval=30s --timeout=10s --start-period=40s --retries=3     CMD python -c "import urllib.request; urllib.request.urlopen('http://localhost:8080/health')"
[0m[1mnull_resource.build_tams_api (local-exec):[0m [0m ---> Running in f56fe0b7d4e7
[0m[1mnull_resource.build_tams_api (local-exec):[0m [0mRemoving intermediate container f56fe0b7d4e7
[0m[1mnull_resource.build_tams_api (local-exec):[0m [0m ---> c80f65718db4
[0m[1mnull_resource.build_tams_api (local-exec):[0m [0mStep 11/11 : CMD ["python", "-m", "uvicorn", "app.main:app", "--host", "0.0.0.0", "--port", "8080"]
[0m[1mnull_resource.build_tams_api (local-exec):[0m [0m ---> Running in 84680fca3bca
[0m[1mnull_resource.build_tams_api (local-exec):[0m [0mRemoving intermediate container 84680fca3bca
[0m[1mnull_resource.build_tams_api (local-exec):[0m [0m ---> 9a3107899247
[0m[1mnull_resource.build_tams_api (local-exec):[0m [0mSuccessfully built 9a3107899247
[0m[1mnull_resource.build_tams_api (local-exec):[0m [0mSuccessfully tagged us-central1-docker.pkg.dev/smc-gcp-tams-testdrive/tams/tams-api:latest
[0m[1mnull_resource.build_tams_api (local-exec):[0m [0mPUSH
[0m[1mnull_resource.build_tams_api (local-exec):[0m [0mPushing us-central1-docker.pkg.dev/smc-gcp-tams-testdrive/tams/tams-api:latest
[0m[1mnull_resource.build_tams_api (local-exec):[0m [0mThe push refers to repository [us-central1-docker.pkg.dev/smc-gcp-tams-testdrive/tams/tams-api]
[0m[1mnull_resource.build_tams_api (local-exec):[0m [0m516b5aee5479: Preparing
[0m[1mnull_resource.build_tams_api (local-exec):[0m [0me895654df6fe: Preparing
[0m[1mnull_resource.build_tams_api (local-exec):[0m [0meb9848e355a7: Preparing
[0m[1mnull_resource.build_tams_api (local-exec):[0m [0mabd10b39cf64: Preparing
[0m[1mnull_resource.build_tams_api (local-exec):[0m [0md68b63c614fd: Preparing
[0m[1mnull_resource.build_tams_api (local-exec):[0m [0mf82d4a8b0f48: Preparing
[0m[1mnull_resource.build_tams_api (local-exec):[0m [0m3ecbc03a21ab: Preparing
[0m[1mnull_resource.build_tams_api (local-exec):[0m [0m53ced85d0e60: Preparing
[0m[1mnull_resource.build_tams_api (local-exec):[0m [0m60b14e839bd0: Preparing
[0m[1mnull_resource.build_tams_api (local-exec):[0m [0m1d46119d249f: Preparing
[0m[1mnull_resource.build_tams_api (local-exec):[0m [0mf82d4a8b0f48: Waiting
[0m[1mnull_resource.build_tams_api (local-exec):[0m [0m3ecbc03a21ab: Waiting
[0m[1mnull_resource.build_tams_api (local-exec):[0m [0m53ced85d0e60: Waiting
[0m[1mnull_resource.build_tams_api (local-exec):[0m [0m60b14e839bd0: Waiting
[0m[1mnull_resource.build_tams_api (local-exec):[0m [0m1d46119d249f: Waiting
[0m[1mnull_resource.build_tams_api (local-exec):[0m [0mabd10b39cf64: Pushed
[0m[1mnull_resource.build_tams_api (local-exec):[0m [0me895654df6fe: Pushed
[0m[1mnull_resource.build_tams_api (local-exec):[0m [0m516b5aee5479: Pushed
[0m[1mnull_resource.build_tams_api (local-exec):[0m [0m3ecbc03a21ab: Layer already exists
[0m[1mnull_resource.build_tams_api (local-exec):[0m [0m53ced85d0e60: Layer already exists
[0m[1mnull_resource.build_tams_api (local-exec):[0m [0m60b14e839bd0: Layer already exists
[0m[1mnull_resource.build_tams_api (local-exec):[0m [0mf82d4a8b0f48: Pushed
[0m[1mnull_resource.build_tams_api (local-exec):[0m [0m1d46119d249f: Pushed
[0m[1mnull_resource.build_tams_api (local-exec):[0m [0meb9848e355a7: Pushed
[0m[1mnull_resource.build_tams_api (local-exec):[0m [0md68b63c614fd: Pushed
[0m[1mnull_resource.build_tams_api (local-exec):[0m [0mlatest: digest: sha256:05d79bea8b0a48ff810e8eaf94e99c1f208dea1bb2152f65efda3e0947c97bd9 size: 2413
[0m[1mnull_resource.build_tams_api (local-exec):[0m [0mDONE
[0m[1mnull_resource.build_tams_api (local-exec):[0m [0m--------------------------------------------------------------------------------
[0m[1mnull_resource.build_tams_api (local-exec):[0m [0mID                                    CREATE_TIME                DURATION  SOURCE                                                                                               IMAGES                                                                     STATUS
[0m[1mnull_resource.build_tams_api (local-exec):[0m [0m150068fe-a30f-47da-b5f1-8e49a4482079  2025-10-01T20:09:26+00:00  1M30S     gs://smc-gcp-tams-testdrive_cloudbuild/source/1759349365.82016-f223f59e8f0947a5a9e0c6228c8d53ff.tgz  us-central1-docker.pkg.dev/smc-gcp-tams-testdrive/tams/tams-api (+1 more)  SUCCESS
[0m[1mnull_resource.build_tams_api: Creation complete after 1m36s [id=6026749711714826269][0m
[0m[1mgoogle_cloud_run_v2_service.tams_api: Creating...[0m[0m
[0m[1mgoogle_cloud_run_v2_service.tams_api: Still creating... [00m10s elapsed][0m[0m
[0m[1mgoogle_cloud_run_v2_service.tams_api: Still creating... [00m20s elapsed][0m[0m
[0m[1mgoogle_cloud_run_v2_service.tams_api: Still creating... [00m30s elapsed][0m[0m
[0m[1mgoogle_cloud_run_v2_service.tams_api: Still creating... [00m40s elapsed][0m[0m
[0m[1mgoogle_cloud_run_v2_service.tams_api: Still creating... [00m50s elapsed][0m[0m
[0m[1mgoogle_cloud_run_v2_service.tams_api: Still creating... [01m00s elapsed][0m[0m
[0m[1mgoogle_cloud_run_v2_service.tams_api: Still creating... [01m10s elapsed][0m[0m
[31m╷[0m[0m
[31m│[0m [0m[1m[31mError: [0m[0m[1mError waiting to create Service: Error waiting for Creating Service: Error code 9, message: Revision 'tams-api-00001-wfk' is not ready and cannot serve traffic. The user-provided container failed to start and listen on the port defined provided by the PORT=8080 environment variable within the allocated timeout. This can happen when the container port is misconfigured or if the timeout is too short. The health check timeout can be extended. Logs for this revision might contain more information.
[31m│[0m [0m
[31m│[0m [0mLogs URL: https://console.cloud.google.com/logs/viewer?project=smc-gcp-tams-testdrive&resource=cloud_run_revision/service_name/tams-api/revision_name/tams-api-00001-wfk&advancedFilter=resource.type%3D%22cloud_run_revision%22%0Aresource.labels.service_name%3D%22tams-api%22%0Aresource.labels.revision_name%3D%22tams-api-00001-wfk%22 
[31m│[0m [0mFor more troubleshooting guidance, see https://cloud.google.com/run/docs/troubleshooting#container-failed-to-start[0m
[31m│[0m [0m
[31m│[0m [0m[0m  with google_cloud_run_v2_service.tams_api,
[31m│[0m [0m  on cloudrun-api.tf line 21, in resource "google_cloud_run_v2_service" "tams_api":
[31m│[0m [0m  21: resource "google_cloud_run_v2_service" "tams_api" [4m{[0m[0m
[31m│[0m [0m
[31m╵[0m[0m
